=== YOLO Detections Log ===
Frame 0:
  ketchup_sauce (0.92) [ID:1] (906, 238, 936, 284)
  wrapper (0.91) [ID:2] (774, 310, 892, 476)
  yellow_mustard_sauce (0.90) [ID:3] (874, 214, 903, 303)
  hand (0.88) [ID:4] (598, 231, 645, 328)
Frame 1:
  ketchup_sauce (0.92) [ID:1] (906, 238, 936, 283)
  wrapper (0.91) [ID:2] (774, 308, 892, 475)
  yellow_mustard_sauce (0.90) [ID:3] (874, 214, 903, 303)
  hand (0.86) [ID:4] (594, 242, 639, 334)
Frame 2:
  ketchup_sauce (0.92) [ID:1] (906, 238, 936, 283)
  wrapper (0.94) [ID:2] (776, 307, 892, 475)
  yellow_mustard_sauce (0.91) [ID:3] (874, 214, 903, 303)
  hand (0.82) [ID:4] (589, 248, 633, 355)
  hand (0.70) [ID:6] (714, 125, 753, 156)
Frame 3:
  ketchup_sauce (0.92) [ID:1] (906, 238, 936, 284)
  wrapper (0.94) [ID:2] (776, 305, 892, 474)
  yellow_mustard_sauce (0.91) [ID:3] (874, 214, 903, 303)
  hand (0.89) [ID:4] (583, 259, 625, 356)
  hand (0.71) [ID:6] (720, 125, 759, 150)
Frame 4:
  ketchup_sauce (0.92) [ID:1] (906, 238, 936, 284)
  wrapper (0.95) [ID:2] (776, 303, 892, 474)
  yellow_mustard_sauce (0.91) [ID:3] (874, 214, 903, 303)
  hand (0.89) [ID:4] (577, 266, 617, 348)
Frame 5:
  ketchup_sauce (0.92) [ID:1] (906, 238, 936, 284)
  wrapper (0.95) [ID:2] (776, 303, 892, 474)
  yellow_mustard_sauce (0.91) [ID:3] (874, 214, 903, 303)
  hand (0.88) [ID:4] (569, 278, 609, 340)
Frame 6:
  ketchup_sauce (0.92) [ID:1] (906, 238, 936, 284)
  wrapper (0.95) [ID:2] (776, 303, 892, 474)
  yellow_mustard_sauce (0.91) [ID:3] (874, 214, 903, 303)
  hand (0.88) [ID:4] (558, 286, 595, 338)
Frame 7:
  ketchup_sauce (0.92) [ID:1] (906, 238, 936, 283)
  wrapper (0.95) [ID:2] (777, 303, 892, 474)
  yellow_mustard_sauce (0.91) [ID:3] (874, 214, 903, 303)
Frame 8:
  ketchup_sauce (0.92) [ID:1] (906, 238, 936, 283)
  wrapper (0.95) [ID:2] (776, 303, 893, 474)
  yellow_mustard_sauce (0.91) [ID:3] (874, 214, 903, 303)
Frame 9:
  ketchup_sauce (0.92) [ID:1] (906, 238, 936, 284)
  wrapper (0.95) [ID:2] (775, 302, 893, 474)
  yellow_mustard_sauce (0.91) [ID:3] (874, 214, 903, 303)
Frame 10:
  ketchup_sauce (0.92) [ID:1] (906, 238, 936, 284)
  wrapper (0.95) [ID:2] (773, 301, 893, 474)
  yellow_mustard_sauce (0.91) [ID:3] (875, 214, 903, 303)
Frame 11:
  ketchup_sauce (0.92) [ID:1] (906, 238, 936, 284)
  wrapper (0.95) [ID:2] (772, 301, 893, 474)
  yellow_mustard_sauce (0.91) [ID:3] (874, 214, 903, 303)
Frame 12:
  ketchup_sauce (0.92) [ID:1] (906, 238, 936, 283)
  wrapper (0.95) [ID:2] (769, 299, 892, 474)
  yellow_mustard_sauce (0.91) [ID:3] (874, 214, 903, 303)
Frame 13:
  ketchup_sauce (0.92) [ID:1] (906, 238, 936, 284)
  wrapper (0.95) [ID:2] (765, 299, 892, 474)
  yellow_mustard_sauce (0.91) [ID:3] (874, 214, 903, 303)
Frame 14:
  ketchup_sauce (0.92) [ID:1] (906, 238, 936, 283)
  wrapper (0.95) [ID:2] (763, 299, 892, 474)
  yellow_mustard_sauce (0.91) [ID:3] (874, 214, 903, 303)
Frame 15:
  ketchup_sauce (0.92) [ID:1] (906, 238, 936, 283)
  wrapper (0.95) [ID:2] (759, 298, 893, 473)
  yellow_mustard_sauce (0.91) [ID:3] (875, 214, 903, 303)
Frame 16:
  ketchup_sauce (0.92) [ID:1] (906, 238, 936, 283)
  wrapper (0.95) [ID:2] (756, 298, 893, 473)
  yellow_mustard_sauce (0.91) [ID:3] (875, 214, 903, 303)
Frame 17:
  ketchup_sauce (0.92) [ID:1] (906, 238, 936, 283)
  wrapper (0.95) [ID:2] (753, 297, 893, 474)
  yellow_mustard_sauce (0.91) [ID:3] (874, 214, 903, 303)
Frame 18:
  ketchup_sauce (0.92) [ID:1] (906, 238, 936, 283)
  wrapper (0.96) [ID:2] (749, 297, 892, 474)
  yellow_mustard_sauce (0.91) [ID:3] (875, 214, 903, 303)
  hand (0.65) [ID:5] (672, 127, 719, 153)
Frame 19:
  ketchup_sauce (0.92) [ID:1] (906, 238, 936, 283)
  wrapper (0.95) [ID:2] (745, 296, 892, 474)
  yellow_mustard_sauce (0.91) [ID:3] (875, 214, 903, 303)
Frame 20:
  ketchup_sauce (0.92) [ID:1] (906, 239, 936, 283)
  wrapper (0.95) [ID:2] (739, 296, 892, 474)
  yellow_mustard_sauce (0.91) [ID:3] (875, 214, 903, 303)
Frame 21:
  ketchup_sauce (0.92) [ID:1] (906, 239, 936, 283)
  wrapper (0.96) [ID:2] (732, 296, 892, 474)
  yellow_mustard_sauce (0.91) [ID:3] (875, 214, 903, 303)
Frame 22:
  ketchup_sauce (0.92) [ID:1] (906, 239, 936, 283)
  wrapper (0.96) [ID:2] (724, 296, 892, 474)
  yellow_mustard_sauce (0.91) [ID:3] (875, 214, 903, 303)
Frame 23:
  ketchup_sauce (0.92) [ID:1] (906, 239, 936, 283)
  wrapper (0.95) [ID:2] (719, 295, 892, 474)
  yellow_mustard_sauce (0.91) [ID:3] (875, 214, 903, 303)
Frame 24:
  ketchup_sauce (0.92) [ID:1] (906, 239, 936, 283)
  wrapper (0.95) [ID:2] (720, 295, 892, 474)
  yellow_mustard_sauce (0.91) [ID:3] (874, 214, 903, 303)
Frame 25:
  ketchup_sauce (0.92) [ID:1] (906, 239, 936, 283)
  wrapper (0.95) [ID:2] (718, 295, 892, 474)
  yellow_mustard_sauce (0.91) [ID:3] (875, 214, 903, 303)
Frame 26:
  ketchup_sauce (0.92) [ID:1] (906, 239, 936, 283)
  wrapper (0.96) [ID:2] (717, 295, 892, 474)
  yellow_mustard_sauce (0.91) [ID:3] (875, 214, 903, 303)
Frame 27:
  ketchup_sauce (0.92) [ID:1] (906, 239, 936, 283)
  wrapper (0.96) [ID:2] (718, 295, 892, 474)
  yellow_mustard_sauce (0.91) [ID:3] (875, 214, 903, 303)
Frame 28:
  ketchup_sauce (0.92) [ID:1] (906, 238, 936, 283)
  wrapper (0.95) [ID:2] (718, 295, 892, 474)
  yellow_mustard_sauce (0.91) [ID:3] (875, 214, 903, 303)
Frame 29:
  ketchup_sauce (0.92) [ID:1] (906, 238, 936, 284)
  wrapper (0.95) [ID:2] (718, 295, 892, 474)
  yellow_mustard_sauce (0.91) [ID:3] (875, 214, 903, 303)
  hand (0.86) [ID:15] (590, 276, 641, 342)
Frame 30:
  ketchup_sauce (0.92) [ID:1] (906, 238, 936, 284)
  wrapper (0.95) [ID:2] (718, 295, 892, 474)
  yellow_mustard_sauce (0.91) [ID:3] (875, 214, 903, 303)
Frame 31:
  ketchup_sauce (0.92) [ID:1] (906, 239, 936, 284)
  wrapper (0.96) [ID:2] (717, 295, 892, 474)
  yellow_mustard_sauce (0.91) [ID:3] (875, 214, 903, 303)
Frame 32:
  ketchup_sauce (0.92) [ID:1] (906, 239, 936, 284)
  wrapper (0.96) [ID:2] (717, 295, 892, 474)
  yellow_mustard_sauce (0.90) [ID:3] (875, 214, 903, 303)
  hand (0.83) [ID:20] (396, 369, 456, 438)
Frame 33:
  ketchup_sauce (0.92) [ID:1] (906, 239, 936, 284)
  wrapper (0.95) [ID:2] (717, 295, 892, 474)
  yellow_mustard_sauce (0.91) [ID:3] (875, 214, 903, 303)
Frame 34:
  ketchup_sauce (0.92) [ID:1] (906, 239, 936, 284)
  wrapper (0.95) [ID:2] (717, 295, 892, 474)
  yellow_mustard_sauce (0.91) [ID:3] (875, 214, 903, 303)
Frame 35:
  ketchup_sauce (0.92) [ID:1] (906, 239, 936, 284)
  wrapper (0.96) [ID:2] (718, 295, 892, 474)
  yellow_mustard_sauce (0.91) [ID:3] (875, 214, 903, 303)
Frame 36:
  ketchup_sauce (0.93) [ID:1] (906, 239, 936, 284)
  wrapper (0.96) [ID:2] (718, 295, 892, 474)
  yellow_mustard_sauce (0.91) [ID:3] (875, 214, 903, 303)
  hand (0.69) [ID:20] (410, 376, 457, 431)
Frame 37:
  ketchup_sauce (0.93) [ID:1] (906, 239, 936, 284)
  wrapper (0.96) [ID:2] (717, 295, 892, 474)
  yellow_mustard_sauce (0.91) [ID:3] (875, 214, 903, 303)
Frame 38:
  ketchup_sauce (0.93) [ID:1] (906, 239, 936, 284)
  wrapper (0.96) [ID:2] (718, 295, 892, 474)
  yellow_mustard_sauce (0.91) [ID:3] (875, 214, 903, 303)
  hand (0.66) [ID:20] (425, 386, 484, 444)
Frame 39:
  ketchup_sauce (0.93) [ID:1] (906, 239, 936, 284)
  wrapper (0.95) [ID:2] (718, 295, 892, 474)
  yellow_mustard_sauce (0.91) [ID:3] (875, 214, 903, 303)
  hand (0.85) [ID:20] (415, 394, 466, 452)
Frame 40:
  ketchup_sauce (0.93) [ID:1] (906, 239, 936, 284)
  wrapper (0.96) [ID:2] (718, 295, 892, 474)
  yellow_mustard_sauce (0.91) [ID:3] (875, 214, 903, 303)
  hand (0.84) [ID:20] (403, 404, 453, 455)
  hand (0.74) [ID:27] (303, 454, 339, 498)
Frame 41:
  ketchup_sauce (0.93) [ID:1] (906, 239, 936, 284)
  wrapper (0.96) [ID:2] (718, 295, 892, 474)
  yellow_mustard_sauce (0.91) [ID:3] (875, 214, 903, 303)
  hand (0.86) [ID:20] (399, 411, 442, 460)
  hand (0.80) [ID:27] (296, 457, 326, 500)
Frame 42:
  ketchup_sauce (0.93) [ID:1] (906, 239, 936, 284)
  wrapper (0.96) [ID:2] (718, 295, 892, 474)
  yellow_mustard_sauce (0.91) [ID:3] (875, 214, 903, 303)
  hand (0.86) [ID:20] (387, 420, 430, 465)
  hand (0.83) [ID:27] (289, 464, 322, 502)
Frame 43:
  ketchup_sauce (0.93) [ID:1] (906, 239, 936, 284)
  wrapper (0.96) [ID:2] (718, 295, 892, 474)
  yellow_mustard_sauce (0.91) [ID:3] (875, 214, 903, 303)
  hand (0.76) [ID:27] (283, 465, 315, 503)
Frame 44:
  ketchup_sauce (0.93) [ID:1] (906, 239, 936, 284)
  wrapper (0.96) [ID:2] (718, 295, 892, 474)
  yellow_mustard_sauce (0.91) [ID:3] (875, 214, 903, 303)
  hand (0.84) [ID:27] (273, 468, 311, 506)
Frame 45:
  ketchup_sauce (0.93) [ID:1] (906, 239, 936, 284)
  wrapper (0.96) [ID:2] (718, 295, 892, 474)
  yellow_mustard_sauce (0.91) [ID:3] (875, 214, 903, 303)
  hand (0.79) [ID:27] (267, 469, 304, 508)
Frame 46:
  ketchup_sauce (0.93) [ID:1] (906, 239, 936, 284)
  wrapper (0.96) [ID:2] (718, 295, 892, 474)
  yellow_mustard_sauce (0.91) [ID:3] (875, 214, 903, 303)
  hand (0.83) [ID:27] (256, 471, 300, 513)
Frame 47:
  ketchup_sauce (0.93) [ID:1] (906, 239, 936, 284)
  wrapper (0.96) [ID:2] (718, 295, 892, 474)
  yellow_mustard_sauce (0.91) [ID:3] (875, 214, 903, 303)
  hand (0.84) [ID:27] (249, 469, 288, 512)
Frame 48:
  ketchup_sauce (0.93) [ID:1] (906, 239, 936, 284)
  wrapper (0.96) [ID:2] (718, 295, 892, 474)
  yellow_mustard_sauce (0.91) [ID:3] (875, 214, 903, 303)
  hand (0.81) [ID:27] (240, 470, 281, 508)
Frame 49:
  ketchup_sauce (0.93) [ID:1] (906, 239, 936, 284)
  wrapper (0.96) [ID:2] (718, 295, 892, 474)
  yellow_mustard_sauce (0.91) [ID:3] (875, 214, 903, 303)
  hand (0.83) [ID:27] (228, 466, 271, 507)
Frame 50:
  ketchup_sauce (0.93) [ID:1] (906, 239, 936, 284)
  wrapper (0.96) [ID:2] (718, 295, 892, 474)
  yellow_mustard_sauce (0.90) [ID:3] (875, 214, 903, 303)
  hand (0.84) [ID:27] (219, 459, 259, 506)
Frame 51:
  ketchup_sauce (0.93) [ID:1] (906, 239, 936, 284)
  wrapper (0.96) [ID:2] (718, 295, 892, 474)
  yellow_mustard_sauce (0.91) [ID:3] (875, 214, 903, 303)
  hand (0.82) [ID:27] (208, 457, 252, 502)
Frame 52:
  ketchup_sauce (0.93) [ID:1] (906, 239, 936, 284)
  wrapper (0.96) [ID:2] (718, 295, 892, 474)
  yellow_mustard_sauce (0.91) [ID:3] (875, 214, 903, 303)
  hand (0.71) [ID:27] (196, 455, 243, 492)
Frame 53:
  ketchup_sauce (0.93) [ID:1] (906, 239, 936, 284)
  wrapper (0.96) [ID:2] (718, 295, 892, 474)
  yellow_mustard_sauce (0.90) [ID:3] (875, 214, 903, 303)
Frame 54:
  ketchup_sauce (0.93) [ID:1] (906, 239, 936, 284)
  wrapper (0.96) [ID:2] (718, 295, 892, 474)
  yellow_mustard_sauce (0.91) [ID:3] (875, 214, 903, 303)
Frame 55:
  ketchup_sauce (0.93) [ID:1] (906, 239, 936, 284)
  wrapper (0.96) [ID:2] (718, 295, 892, 474)
  yellow_mustard_sauce (0.90) [ID:3] (875, 214, 903, 303)
Frame 56:
  ketchup_sauce (0.93) [ID:1] (906, 239, 936, 284)
  wrapper (0.96) [ID:2] (718, 295, 892, 474)
  yellow_mustard_sauce (0.90) [ID:3] (875, 214, 903, 303)
Frame 57:
  ketchup_sauce (0.93) [ID:1] (906, 239, 936, 284)
  wrapper (0.96) [ID:2] (718, 295, 892, 474)
  yellow_mustard_sauce (0.90) [ID:3] (875, 214, 903, 303)
Frame 58:
  ketchup_sauce (0.93) [ID:1] (906, 239, 936, 284)
  wrapper (0.96) [ID:2] (718, 295, 892, 474)
  yellow_mustard_sauce (0.90) [ID:3] (875, 214, 903, 303)
  hand (0.77) [ID:30] (151, 427, 175, 458)
Frame 59:
  ketchup_sauce (0.93) [ID:1] (906, 239, 936, 284)
  wrapper (0.96) [ID:2] (718, 295, 893, 474)
  yellow_mustard_sauce (0.91) [ID:3] (875, 214, 903, 303)
  hand (0.77) [ID:30] (147, 418, 172, 457)
Frame 60:
  ketchup_sauce (0.93) [ID:1] (906, 239, 936, 284)
  wrapper (0.95) [ID:2] (718, 295, 892, 473)
  yellow_mustard_sauce (0.91) [ID:3] (875, 214, 903, 303)
  hand (0.78) [ID:30] (145, 410, 167, 456)
Frame 61:
  ketchup_sauce (0.93) [ID:1] (906, 239, 936, 284)
  wrapper (0.95) [ID:2] (718, 295, 892, 473)
  yellow_mustard_sauce (0.91) [ID:3] (875, 214, 903, 303)
  hand (0.76) [ID:30] (144, 407, 166, 455)
Frame 62:
  ketchup_sauce (0.93) [ID:1] (906, 239, 936, 284)
  wrapper (0.95) [ID:2] (718, 295, 892, 473)
  yellow_mustard_sauce (0.91) [ID:3] (875, 214, 903, 303)
  hand (0.77) [ID:30] (144, 406, 166, 456)
Frame 63:
  ketchup_sauce (0.93) [ID:1] (906, 239, 936, 284)
  wrapper (0.95) [ID:2] (718, 295, 892, 473)
  yellow_mustard_sauce (0.91) [ID:3] (875, 214, 903, 303)
  hand (0.73) [ID:30] (143, 406, 164, 455)
Frame 64:
  ketchup_sauce (0.93) [ID:1] (906, 239, 936, 284)
  wrapper (0.95) [ID:2] (718, 295, 892, 473)
  yellow_mustard_sauce (0.91) [ID:3] (875, 214, 903, 303)
  hand (0.74) [ID:30] (142, 403, 163, 453)
Frame 65:
  ketchup_sauce (0.93) [ID:1] (906, 239, 936, 284)
  wrapper (0.95) [ID:2] (718, 295, 892, 473)
  yellow_mustard_sauce (0.91) [ID:3] (875, 214, 903, 303)
  hand (0.77) [ID:30] (142, 403, 164, 453)
Frame 66:
  ketchup_sauce (0.93) [ID:1] (906, 239, 936, 284)
  wrapper (0.95) [ID:2] (718, 295, 892, 473)
  yellow_mustard_sauce (0.91) [ID:3] (875, 214, 903, 303)
  hand (0.68) [ID:30] (143, 402, 161, 447)
Frame 67:
  ketchup_sauce (0.93) [ID:1] (906, 239, 936, 284)
  wrapper (0.95) [ID:2] (718, 295, 892, 473)
  yellow_mustard_sauce (0.91) [ID:3] (875, 214, 903, 303)
  hand (0.68) [ID:30] (143, 401, 163, 451)
Frame 68:
  ketchup_sauce (0.93) [ID:1] (906, 239, 936, 284)
  wrapper (0.95) [ID:2] (718, 295, 892, 473)
  yellow_mustard_sauce (0.91) [ID:3] (875, 214, 903, 303)
  hand (0.74) [ID:30] (143, 401, 166, 454)
Frame 69:
  ketchup_sauce (0.93) [ID:1] (906, 239, 936, 284)
  wrapper (0.95) [ID:2] (718, 295, 892, 473)
  yellow_mustard_sauce (0.91) [ID:3] (875, 214, 903, 303)
  hand (0.72) [ID:30] (143, 401, 165, 452)
Frame 70:
  ketchup_sauce (0.93) [ID:1] (906, 239, 936, 284)
  wrapper (0.95) [ID:2] (718, 295, 892, 473)
  yellow_mustard_sauce (0.91) [ID:3] (875, 214, 903, 303)
  hand (0.78) [ID:30] (140, 399, 161, 451)
Frame 71:
  ketchup_sauce (0.93) [ID:1] (906, 239, 936, 284)
  wrapper (0.95) [ID:2] (718, 295, 892, 473)
  yellow_mustard_sauce (0.91) [ID:3] (875, 214, 903, 303)
  hand (0.78) [ID:30] (137, 398, 159, 448)
Frame 72:
  ketchup_sauce (0.93) [ID:1] (906, 239, 936, 284)
  wrapper (0.95) [ID:2] (718, 295, 892, 473)
  yellow_mustard_sauce (0.91) [ID:3] (875, 214, 903, 303)
  hand (0.75) [ID:30] (132, 395, 156, 443)
Frame 73:
  ketchup_sauce (0.93) [ID:1] (906, 239, 936, 284)
  wrapper (0.95) [ID:2] (718, 295, 892, 473)
  yellow_mustard_sauce (0.91) [ID:3] (875, 214, 903, 303)
  hand (0.83) [ID:30] (129, 393, 152, 443)
Frame 74:
  ketchup_sauce (0.93) [ID:1] (906, 239, 936, 284)
  wrapper (0.95) [ID:2] (718, 295, 892, 473)
  yellow_mustard_sauce (0.91) [ID:3] (875, 214, 903, 303)
  hand (0.83) [ID:30] (127, 393, 149, 445)
Frame 75:
  ketchup_sauce (0.93) [ID:1] (906, 239, 936, 284)
  wrapper (0.95) [ID:2] (718, 295, 892, 473)
  yellow_mustard_sauce (0.91) [ID:3] (875, 214, 903, 303)
  hand (0.83) [ID:30] (125, 394, 146, 445)
Frame 76:
  ketchup_sauce (0.93) [ID:1] (906, 239, 936, 284)
  wrapper (0.95) [ID:2] (718, 295, 892, 473)
  yellow_mustard_sauce (0.91) [ID:3] (875, 214, 903, 303)
  hand (0.81) [ID:30] (123, 397, 143, 446)
Frame 77:
  ketchup_sauce (0.93) [ID:1] (906, 239, 936, 284)
  wrapper (0.95) [ID:2] (718, 295, 892, 473)
  yellow_mustard_sauce (0.91) [ID:3] (875, 214, 903, 303)
  hand (0.76) [ID:30] (124, 398, 143, 444)
Frame 78:
  ketchup_sauce (0.93) [ID:1] (906, 239, 936, 284)
  wrapper (0.95) [ID:2] (718, 295, 892, 473)
  yellow_mustard_sauce (0.91) [ID:3] (875, 214, 903, 303)
  hand (0.74) [ID:30] (125, 398, 144, 442)
Frame 79:
  ketchup_sauce (0.93) [ID:1] (906, 239, 936, 284)
  wrapper (0.95) [ID:2] (718, 295, 892, 473)
  yellow_mustard_sauce (0.91) [ID:3] (875, 214, 903, 303)
  hand (0.74) [ID:30] (127, 397, 147, 442)
Frame 80:
  ketchup_sauce (0.93) [ID:1] (906, 239, 936, 284)
  wrapper (0.95) [ID:2] (718, 295, 892, 473)
  yellow_mustard_sauce (0.91) [ID:3] (875, 214, 903, 303)
  hand (0.76) [ID:30] (129, 398, 149, 441)
Frame 81:
  ketchup_sauce (0.93) [ID:1] (906, 239, 936, 284)
  wrapper (0.95) [ID:2] (718, 295, 892, 473)
  yellow_mustard_sauce (0.91) [ID:3] (875, 214, 903, 303)
  hand (0.81) [ID:30] (131, 397, 152, 440)
  hand (0.60) [ID:32] (68, 444, 83, 479)
Frame 82:
  ketchup_sauce (0.93) [ID:1] (906, 239, 936, 284)
  wrapper (0.95) [ID:2] (718, 295, 892, 473)
  yellow_mustard_sauce (0.91) [ID:3] (875, 214, 903, 303)
  hand (0.80) [ID:30] (133, 397, 153, 439)
  hand (0.65) [ID:32] (69, 440, 82, 477)
Frame 83:
  ketchup_sauce (0.93) [ID:1] (906, 239, 936, 284)
  wrapper (0.95) [ID:2] (718, 295, 892, 473)
  yellow_mustard_sauce (0.91) [ID:3] (875, 214, 903, 303)
  hand (0.76) [ID:30] (134, 397, 154, 439)
  hand (0.57) [ID:32] (69, 433, 81, 473)
Frame 84:
  ketchup_sauce (0.93) [ID:1] (906, 239, 936, 284)
  wrapper (0.95) [ID:2] (718, 295, 892, 473)
  yellow_mustard_sauce (0.91) [ID:3] (875, 214, 903, 303)
  hand (0.78) [ID:30] (134, 396, 155, 442)
Frame 85:
  ketchup_sauce (0.93) [ID:1] (906, 239, 936, 284)
  wrapper (0.95) [ID:2] (718, 295, 892, 473)
  yellow_mustard_sauce (0.91) [ID:3] (875, 214, 903, 303)
  hand (0.81) [ID:30] (136, 392, 158, 442)
Frame 86:
  ketchup_sauce (0.93) [ID:1] (906, 239, 936, 284)
  wrapper (0.95) [ID:2] (718, 295, 892, 473)
  yellow_mustard_sauce (0.91) [ID:3] (875, 214, 903, 303)
  hand (0.85) [ID:30] (138, 393, 161, 448)
Frame 87:
  ketchup_sauce (0.93) [ID:1] (906, 239, 936, 284)
  wrapper (0.95) [ID:2] (718, 295, 892, 473)
  yellow_mustard_sauce (0.91) [ID:3] (875, 214, 903, 303)
  hand (0.83) [ID:30] (144, 397, 172, 448)
Frame 88:
  ketchup_sauce (0.93) [ID:1] (906, 239, 936, 284)
  wrapper (0.95) [ID:2] (718, 295, 892, 473)
  yellow_mustard_sauce (0.91) [ID:3] (875, 214, 903, 303)
  hand (0.86) [ID:30] (150, 405, 186, 454)
Frame 89:
  ketchup_sauce (0.93) [ID:1] (906, 239, 936, 284)
  wrapper (0.95) [ID:2] (718, 295, 892, 473)
  yellow_mustard_sauce (0.91) [ID:3] (875, 214, 903, 303)
  hand (0.86) [ID:30] (157, 415, 202, 460)
Frame 90:
  ketchup_sauce (0.93) [ID:1] (906, 239, 936, 284)
  wrapper (0.95) [ID:2] (718, 295, 892, 473)
  yellow_mustard_sauce (0.91) [ID:3] (875, 214, 903, 303)
  hand (0.84) [ID:30] (163, 424, 213, 465)
Frame 91:
  ketchup_sauce (0.93) [ID:1] (906, 239, 936, 284)
  wrapper (0.95) [ID:2] (718, 295, 892, 473)
  yellow_mustard_sauce (0.91) [ID:3] (875, 214, 903, 303)
  hand (0.84) [ID:30] (166, 427, 218, 468)
Frame 92:
  ketchup_sauce (0.93) [ID:1] (906, 239, 936, 284)
  wrapper (0.95) [ID:2] (718, 295, 892, 473)
  yellow_mustard_sauce (0.91) [ID:3] (875, 214, 903, 303)
  hand (0.84) [ID:30] (172, 427, 219, 468)
Frame 93:
  ketchup_sauce (0.93) [ID:1] (906, 239, 936, 284)
  wrapper (0.95) [ID:2] (718, 295, 892, 473)
  yellow_mustard_sauce (0.91) [ID:3] (875, 214, 903, 303)
  hand (0.85) [ID:30] (174, 426, 219, 469)
Frame 94:
  ketchup_sauce (0.93) [ID:1] (906, 239, 936, 284)
  wrapper (0.95) [ID:2] (718, 295, 892, 473)
  yellow_mustard_sauce (0.91) [ID:3] (875, 214, 903, 303)
  hand (0.84) [ID:30] (175, 427, 217, 469)
Frame 95:
  ketchup_sauce (0.93) [ID:1] (906, 239, 936, 284)
  wrapper (0.95) [ID:2] (718, 295, 892, 473)
  yellow_mustard_sauce (0.91) [ID:3] (875, 214, 903, 303)
  hand (0.83) [ID:30] (174, 426, 215, 469)
Frame 96:
  ketchup_sauce (0.93) [ID:1] (906, 239, 936, 284)
  wrapper (0.95) [ID:2] (718, 295, 892, 473)
  yellow_mustard_sauce (0.91) [ID:3] (875, 214, 903, 303)
  hand (0.81) [ID:30] (166, 429, 210, 470)
Frame 97:
  ketchup_sauce (0.93) [ID:1] (906, 239, 936, 284)
  wrapper (0.95) [ID:2] (718, 295, 892, 473)
  yellow_mustard_sauce (0.91) [ID:3] (875, 214, 903, 303)
  hand (0.83) [ID:30] (161, 429, 198, 470)
Frame 98:
  ketchup_sauce (0.93) [ID:1] (906, 239, 936, 284)
  wrapper (0.95) [ID:2] (718, 295, 892, 473)
  yellow_mustard_sauce (0.91) [ID:3] (875, 214, 903, 303)
  hand (0.79) [ID:30] (152, 424, 189, 469)
Frame 99:
  ketchup_sauce (0.93) [ID:1] (906, 239, 936, 284)
  wrapper (0.95) [ID:2] (718, 295, 892, 473)
  yellow_mustard_sauce (0.91) [ID:3] (875, 214, 903, 303)
  hand (0.83) [ID:30] (145, 419, 175, 465)
Frame 100:
  ketchup_sauce (0.93) [ID:1] (906, 239, 936, 284)
  wrapper (0.95) [ID:2] (718, 295, 892, 473)
  yellow_mustard_sauce (0.91) [ID:3] (875, 214, 903, 303)
  hand (0.82) [ID:30] (134, 415, 163, 463)
Frame 101:
  ketchup_sauce (0.93) [ID:1] (906, 239, 936, 284)
  wrapper (0.95) [ID:2] (718, 295, 892, 473)
  yellow_mustard_sauce (0.91) [ID:3] (875, 214, 903, 303)
  hand (0.84) [ID:30] (125, 412, 153, 457)
Frame 102:
  ketchup_sauce (0.93) [ID:1] (906, 239, 936, 284)
  wrapper (0.95) [ID:2] (718, 295, 892, 473)
  yellow_mustard_sauce (0.91) [ID:3] (875, 214, 903, 303)
  hand (0.81) [ID:30] (116, 409, 145, 455)
Frame 103:
  ketchup_sauce (0.93) [ID:1] (906, 239, 936, 284)
  wrapper (0.95) [ID:2] (718, 295, 892, 473)
  yellow_mustard_sauce (0.91) [ID:3] (875, 214, 903, 303)
  hand (0.82) [ID:30] (111, 404, 136, 450)
Frame 104:
  ketchup_sauce (0.93) [ID:1] (906, 239, 936, 284)
  wrapper (0.95) [ID:2] (718, 295, 892, 473)
  yellow_mustard_sauce (0.91) [ID:3] (875, 214, 903, 303)
  hand (0.82) [ID:30] (106, 400, 127, 450)
Frame 105:
  ketchup_sauce (0.93) [ID:1] (906, 239, 936, 284)
  wrapper (0.95) [ID:2] (718, 295, 892, 473)
  yellow_mustard_sauce (0.91) [ID:3] (875, 214, 903, 303)
  hand (0.79) [ID:30] (103, 399, 122, 449)
Frame 106:
  ketchup_sauce (0.93) [ID:1] (906, 239, 936, 284)
  wrapper (0.95) [ID:2] (718, 295, 892, 473)
  yellow_mustard_sauce (0.91) [ID:3] (875, 214, 903, 303)
  hand (0.83) [ID:30] (100, 397, 119, 445)
Frame 107:
  ketchup_sauce (0.93) [ID:1] (906, 239, 936, 284)
  wrapper (0.95) [ID:2] (718, 295, 892, 473)
  yellow_mustard_sauce (0.91) [ID:3] (875, 214, 903, 303)
  hand (0.81) [ID:30] (97, 397, 118, 442)
Frame 108:
  ketchup_sauce (0.93) [ID:1] (906, 239, 936, 284)
  wrapper (0.95) [ID:2] (718, 295, 893, 473)
  yellow_mustard_sauce (0.91) [ID:3] (875, 214, 903, 303)
  hand (0.81) [ID:30] (97, 395, 118, 437)
Frame 109:
  ketchup_sauce (0.93) [ID:1] (906, 239, 936, 284)
  wrapper (0.95) [ID:2] (718, 295, 893, 473)
  yellow_mustard_sauce (0.91) [ID:3] (875, 214, 903, 303)
  hand (0.82) [ID:30] (97, 391, 118, 433)
Frame 110:
  ketchup_sauce (0.93) [ID:1] (906, 239, 936, 284)
  wrapper (0.95) [ID:2] (718, 295, 893, 473)
  yellow_mustard_sauce (0.91) [ID:3] (875, 214, 903, 303)
  hand (0.81) [ID:30] (97, 388, 118, 428)
Frame 111:
  ketchup_sauce (0.93) [ID:1] (906, 239, 936, 284)
  wrapper (0.95) [ID:2] (718, 295, 893, 473)
  yellow_mustard_sauce (0.91) [ID:3] (875, 214, 903, 303)
  hand (0.83) [ID:30] (98, 380, 120, 420)
Frame 112:
  ketchup_sauce (0.93) [ID:1] (906, 239, 936, 284)
  wrapper (0.95) [ID:2] (718, 295, 893, 473)
  yellow_mustard_sauce (0.91) [ID:3] (875, 214, 903, 303)
  hand (0.83) [ID:30] (98, 375, 119, 417)
Frame 113:
  ketchup_sauce (0.93) [ID:1] (906, 239, 936, 284)
  wrapper (0.95) [ID:2] (718, 295, 893, 473)
  yellow_mustard_sauce (0.91) [ID:3] (875, 214, 903, 303)
  hand (0.82) [ID:30] (99, 366, 118, 409)
Frame 114:
  ketchup_sauce (0.93) [ID:1] (906, 239, 936, 284)
  wrapper (0.95) [ID:2] (718, 295, 893, 473)
  yellow_mustard_sauce (0.91) [ID:3] (875, 214, 903, 303)
  hand (0.82) [ID:30] (99, 359, 117, 394)
Frame 115:
  ketchup_sauce (0.93) [ID:1] (906, 239, 936, 284)
  wrapper (0.95) [ID:2] (718, 295, 893, 473)
  yellow_mustard_sauce (0.91) [ID:3] (875, 214, 903, 303)
  hand (0.81) [ID:30] (98, 351, 116, 390)
Frame 116:
  ketchup_sauce (0.93) [ID:1] (906, 239, 936, 284)
  wrapper (0.95) [ID:2] (718, 295, 893, 473)
  yellow_mustard_sauce (0.91) [ID:3] (875, 214, 903, 303)
  hand (0.80) [ID:30] (98, 346, 113, 383)
Frame 117:
  ketchup_sauce (0.93) [ID:1] (906, 239, 936, 284)
  wrapper (0.95) [ID:2] (718, 295, 893, 473)
  yellow_mustard_sauce (0.91) [ID:3] (875, 214, 903, 303)
  hand (0.79) [ID:30] (98, 343, 113, 378)
Frame 118:
  ketchup_sauce (0.93) [ID:1] (906, 239, 936, 284)
  wrapper (0.95) [ID:2] (718, 295, 893, 473)
  yellow_mustard_sauce (0.91) [ID:3] (875, 214, 903, 303)
  hand (0.75) [ID:30] (98, 341, 112, 376)
Frame 119:
  ketchup_sauce (0.93) [ID:1] (906, 239, 936, 284)
  wrapper (0.95) [ID:2] (718, 295, 893, 473)
  yellow_mustard_sauce (0.91) [ID:3] (875, 214, 903, 303)
  hand (0.75) [ID:30] (97, 338, 112, 374)
Frame 120:
  ketchup_sauce (0.93) [ID:1] (906, 239, 936, 284)
  wrapper (0.96) [ID:2] (718, 295, 893, 473)
  yellow_mustard_sauce (0.91) [ID:3] (875, 214, 903, 303)
  hand (0.76) [ID:30] (95, 336, 111, 375)
Frame 121:
  ketchup_sauce (0.93) [ID:1] (906, 239, 936, 284)
  wrapper (0.96) [ID:2] (718, 295, 893, 473)
  yellow_mustard_sauce (0.91) [ID:3] (875, 214, 903, 303)
  hand (0.78) [ID:30] (95, 338, 111, 377)
  hand (0.55) [ID:33] (108, 300, 128, 329)
Frame 122:
  ketchup_sauce (0.93) [ID:1] (906, 239, 936, 284)
  wrapper (0.96) [ID:2] (718, 295, 893, 473)
  yellow_mustard_sauce (0.91) [ID:3] (875, 214, 903, 303)
  hand (0.80) [ID:30] (94, 340, 110, 379)
  hand (0.54) [ID:33] (108, 300, 127, 330)
Frame 123:
  ketchup_sauce (0.93) [ID:1] (906, 239, 936, 284)
  wrapper (0.96) [ID:2] (718, 295, 893, 473)
  yellow_mustard_sauce (0.91) [ID:3] (875, 214, 903, 304)
  hand (0.84) [ID:30] (92, 343, 109, 383)
  hand (0.58) [ID:33] (108, 300, 125, 331)
Frame 124:
  ketchup_sauce (0.93) [ID:1] (906, 239, 936, 284)
  wrapper (0.96) [ID:2] (718, 295, 893, 473)
  yellow_mustard_sauce (0.91) [ID:3] (875, 214, 903, 304)
  hand (0.85) [ID:30] (90, 345, 108, 388)
Frame 125:
  ketchup_sauce (0.93) [ID:1] (906, 239, 936, 284)
  wrapper (0.96) [ID:2] (718, 295, 893, 473)
  yellow_mustard_sauce (0.91) [ID:3] (875, 214, 903, 304)
  hand (0.84) [ID:30] (89, 350, 108, 392)
Frame 126:
  ketchup_sauce (0.93) [ID:1] (906, 239, 936, 284)
  wrapper (0.96) [ID:2] (718, 295, 893, 473)
  yellow_mustard_sauce (0.91) [ID:3] (875, 214, 903, 304)
  hand (0.82) [ID:30] (88, 351, 109, 397)
Frame 127:
  ketchup_sauce (0.93) [ID:1] (906, 239, 936, 284)
  wrapper (0.96) [ID:2] (718, 295, 893, 473)
  yellow_mustard_sauce (0.91) [ID:3] (875, 214, 903, 304)
  hand (0.82) [ID:30] (89, 355, 110, 400)
Frame 128:
  ketchup_sauce (0.93) [ID:1] (906, 239, 936, 284)
  wrapper (0.96) [ID:2] (718, 295, 893, 473)
  yellow_mustard_sauce (0.91) [ID:3] (875, 214, 903, 304)
  hand (0.82) [ID:30] (89, 358, 110, 403)
Frame 129:
  ketchup_sauce (0.93) [ID:1] (906, 239, 936, 284)
  wrapper (0.96) [ID:2] (718, 295, 893, 473)
  yellow_mustard_sauce (0.91) [ID:3] (875, 214, 903, 304)
  hand (0.82) [ID:30] (89, 361, 111, 406)
Frame 130:
  ketchup_sauce (0.93) [ID:1] (906, 239, 936, 284)
  wrapper (0.96) [ID:2] (718, 295, 893, 473)
  yellow_mustard_sauce (0.91) [ID:3] (875, 214, 903, 304)
  hand (0.83) [ID:30] (89, 363, 111, 408)
Frame 131:
  ketchup_sauce (0.93) [ID:1] (906, 239, 936, 284)
  wrapper (0.96) [ID:2] (718, 295, 893, 473)
  yellow_mustard_sauce (0.91) [ID:3] (875, 214, 903, 304)
  hand (0.82) [ID:30] (89, 364, 110, 408)
Frame 132:
  ketchup_sauce (0.93) [ID:1] (906, 239, 936, 284)
  wrapper (0.96) [ID:2] (718, 295, 893, 473)
  yellow_mustard_sauce (0.91) [ID:3] (875, 214, 903, 304)
  hand (0.82) [ID:30] (89, 366, 111, 408)
Frame 133:
  ketchup_sauce (0.93) [ID:1] (906, 239, 936, 284)
  wrapper (0.96) [ID:2] (718, 295, 893, 473)
  yellow_mustard_sauce (0.91) [ID:3] (875, 214, 903, 304)
  hand (0.80) [ID:30] (89, 365, 111, 407)
Frame 134:
  ketchup_sauce (0.93) [ID:1] (906, 239, 936, 284)
  wrapper (0.96) [ID:2] (718, 295, 893, 473)
  yellow_mustard_sauce (0.91) [ID:3] (875, 214, 903, 304)
  hand (0.79) [ID:30] (90, 364, 112, 407)
Frame 135:
  ketchup_sauce (0.93) [ID:1] (906, 239, 936, 284)
  wrapper (0.96) [ID:2] (718, 295, 893, 473)
  yellow_mustard_sauce (0.91) [ID:3] (875, 214, 903, 304)
  hand (0.68) [ID:30] (92, 352, 121, 408)
Frame 136:
  ketchup_sauce (0.93) [ID:1] (906, 239, 936, 284)
  wrapper (0.96) [ID:2] (718, 295, 893, 473)
  yellow_mustard_sauce (0.91) [ID:3] (875, 214, 903, 304)
  hand (0.79) [ID:30] (96, 335, 128, 398)
Frame 137:
  ketchup_sauce (0.93) [ID:1] (906, 239, 936, 284)
  wrapper (0.96) [ID:2] (718, 295, 893, 473)
  yellow_mustard_sauce (0.91) [ID:3] (875, 214, 903, 303)
  hand (0.83) [ID:30] (101, 335, 130, 390)
Frame 138:
  ketchup_sauce (0.93) [ID:1] (906, 239, 936, 284)
  wrapper (0.96) [ID:2] (718, 295, 893, 473)
  yellow_mustard_sauce (0.91) [ID:3] (875, 214, 903, 303)
  hand (0.85) [ID:30] (107, 335, 131, 388)
Frame 139:
  ketchup_sauce (0.93) [ID:1] (906, 239, 936, 284)
  wrapper (0.96) [ID:2] (718, 295, 893, 473)
  yellow_mustard_sauce (0.91) [ID:3] (875, 214, 903, 303)
  hand (0.86) [ID:30] (110, 335, 134, 384)
Frame 140:
  ketchup_sauce (0.93) [ID:1] (906, 239, 936, 284)
  wrapper (0.96) [ID:2] (718, 295, 893, 473)
  yellow_mustard_sauce (0.91) [ID:3] (875, 214, 903, 303)
  hand (0.84) [ID:30] (112, 334, 136, 376)
Frame 141:
  ketchup_sauce (0.93) [ID:1] (906, 239, 936, 284)
  wrapper (0.96) [ID:2] (718, 295, 893, 473)
  yellow_mustard_sauce (0.91) [ID:3] (875, 214, 903, 303)
  hand (0.82) [ID:30] (115, 329, 139, 370)
Frame 142:
  ketchup_sauce (0.93) [ID:1] (906, 239, 936, 284)
  wrapper (0.96) [ID:2] (718, 295, 893, 473)
  yellow_mustard_sauce (0.91) [ID:3] (875, 214, 903, 303)
  hand (0.85) [ID:30] (119, 324, 140, 362)
Frame 143:
  ketchup_sauce (0.93) [ID:1] (906, 239, 936, 284)
  wrapper (0.96) [ID:2] (718, 295, 893, 473)
  yellow_mustard_sauce (0.91) [ID:3] (875, 214, 903, 303)
  hand (0.80) [ID:30] (123, 316, 141, 351)
Frame 144:
  ketchup_sauce (0.93) [ID:1] (906, 239, 936, 284)
  wrapper (0.96) [ID:2] (718, 295, 893, 473)
  yellow_mustard_sauce (0.91) [ID:3] (875, 214, 903, 303)
  hand (0.81) [ID:30] (123, 309, 141, 342)
Frame 145:
  ketchup_sauce (0.93) [ID:1] (906, 239, 936, 284)
  wrapper (0.96) [ID:2] (718, 295, 893, 473)
  yellow_mustard_sauce (0.91) [ID:3] (875, 214, 903, 304)
  hand (0.83) [ID:30] (122, 305, 140, 339)
Frame 146:
  ketchup_sauce (0.93) [ID:1] (906, 239, 936, 284)
  wrapper (0.96) [ID:2] (718, 295, 893, 473)
  yellow_mustard_sauce (0.91) [ID:3] (875, 214, 903, 304)
  hand (0.78) [ID:30] (122, 302, 140, 334)
Frame 147:
  ketchup_sauce (0.93) [ID:1] (906, 239, 936, 284)
  wrapper (0.96) [ID:2] (718, 295, 893, 473)
  yellow_mustard_sauce (0.91) [ID:3] (875, 214, 903, 304)
  hand (0.79) [ID:30] (120, 301, 139, 331)
Frame 148:
  ketchup_sauce (0.93) [ID:1] (906, 239, 936, 284)
  wrapper (0.96) [ID:2] (718, 295, 893, 473)
  yellow_mustard_sauce (0.91) [ID:3] (875, 214, 903, 303)
  hand (0.75) [ID:30] (119, 301, 139, 330)
Frame 149:
  ketchup_sauce (0.93) [ID:1] (906, 239, 936, 284)
  wrapper (0.96) [ID:2] (718, 295, 893, 473)
  yellow_mustard_sauce (0.91) [ID:3] (875, 214, 903, 303)
  hand (0.74) [ID:30] (119, 302, 139, 331)
Frame 150:
  ketchup_sauce (0.93) [ID:1] (906, 239, 936, 284)
  wrapper (0.96) [ID:2] (718, 295, 893, 473)
  yellow_mustard_sauce (0.91) [ID:3] (875, 214, 903, 303)
  hand (0.79) [ID:30] (118, 301, 138, 331)
Frame 151:
  ketchup_sauce (0.93) [ID:1] (906, 239, 936, 284)
  wrapper (0.96) [ID:2] (718, 295, 893, 473)
  yellow_mustard_sauce (0.91) [ID:3] (875, 214, 903, 303)
  hand (0.81) [ID:30] (118, 301, 137, 333)
Frame 152:
  ketchup_sauce (0.93) [ID:1] (906, 239, 936, 284)
  wrapper (0.96) [ID:2] (718, 295, 893, 473)
  yellow_mustard_sauce (0.91) [ID:3] (875, 214, 903, 303)
  hand (0.81) [ID:30] (116, 304, 134, 333)
Frame 153:
  ketchup_sauce (0.93) [ID:1] (906, 239, 936, 284)
  wrapper (0.96) [ID:2] (718, 295, 893, 473)
  yellow_mustard_sauce (0.91) [ID:3] (875, 214, 903, 303)
  hand (0.80) [ID:30] (114, 306, 130, 339)
Frame 154:
  ketchup_sauce (0.93) [ID:1] (906, 239, 936, 284)
  wrapper (0.96) [ID:2] (718, 295, 893, 473)
  yellow_mustard_sauce (0.91) [ID:3] (875, 214, 903, 303)
  hand (0.77) [ID:30] (109, 306, 128, 351)
Frame 155:
  ketchup_sauce (0.93) [ID:1] (906, 239, 936, 284)
  wrapper (0.96) [ID:2] (718, 295, 893, 473)
  yellow_mustard_sauce (0.91) [ID:3] (875, 214, 903, 303)
  hand (0.83) [ID:30] (106, 315, 126, 359)
Frame 156:
  ketchup_sauce (0.93) [ID:1] (906, 239, 936, 284)
  wrapper (0.96) [ID:2] (718, 295, 893, 473)
  yellow_mustard_sauce (0.91) [ID:3] (875, 214, 903, 303)
  hand (0.85) [ID:30] (105, 321, 126, 361)
Frame 157:
  ketchup_sauce (0.93) [ID:1] (906, 239, 936, 284)
  wrapper (0.96) [ID:2] (718, 295, 893, 473)
  yellow_mustard_sauce (0.91) [ID:3] (875, 214, 903, 304)
  hand (0.84) [ID:30] (104, 325, 125, 364)
Frame 158:
  ketchup_sauce (0.93) [ID:1] (906, 239, 936, 284)
  wrapper (0.96) [ID:2] (718, 295, 893, 473)
  yellow_mustard_sauce (0.91) [ID:3] (875, 214, 903, 304)
  hand (0.80) [ID:30] (103, 327, 124, 365)
Frame 159:
  ketchup_sauce (0.93) [ID:1] (906, 239, 936, 284)
  wrapper (0.96) [ID:2] (718, 295, 893, 473)
  yellow_mustard_sauce (0.91) [ID:3] (875, 214, 903, 303)
  hand (0.71) [ID:30] (103, 330, 122, 366)
Frame 160:
  ketchup_sauce (0.93) [ID:1] (906, 239, 936, 284)
  wrapper (0.96) [ID:2] (718, 295, 893, 473)
  yellow_mustard_sauce (0.91) [ID:3] (875, 214, 903, 303)
  hand (0.79) [ID:30] (102, 333, 120, 369)
Frame 161:
  ketchup_sauce (0.93) [ID:1] (906, 239, 936, 284)
  wrapper (0.96) [ID:2] (718, 295, 893, 473)
  yellow_mustard_sauce (0.91) [ID:3] (875, 214, 903, 303)
  hand (0.77) [ID:30] (101, 333, 119, 369)
Frame 162:
  ketchup_sauce (0.93) [ID:1] (906, 239, 936, 284)
  wrapper (0.96) [ID:2] (718, 295, 893, 473)
  yellow_mustard_sauce (0.91) [ID:3] (875, 214, 903, 303)
  hand (0.75) [ID:30] (100, 334, 117, 371)
Frame 163:
  ketchup_sauce (0.93) [ID:1] (906, 239, 936, 284)
  wrapper (0.96) [ID:2] (718, 295, 893, 473)
  yellow_mustard_sauce (0.91) [ID:3] (875, 214, 903, 303)
  hand (0.76) [ID:30] (100, 336, 116, 372)
Frame 164:
  ketchup_sauce (0.93) [ID:1] (906, 239, 936, 284)
  wrapper (0.96) [ID:2] (718, 295, 893, 473)
  yellow_mustard_sauce (0.91) [ID:3] (875, 214, 903, 303)
  hand (0.76) [ID:30] (100, 335, 118, 374)
Frame 165:
  ketchup_sauce (0.93) [ID:1] (906, 239, 936, 284)
  wrapper (0.96) [ID:2] (718, 295, 893, 473)
  yellow_mustard_sauce (0.91) [ID:3] (875, 214, 903, 303)
  hand (0.77) [ID:30] (102, 334, 121, 374)
Frame 166:
  ketchup_sauce (0.93) [ID:1] (906, 239, 936, 284)
  wrapper (0.96) [ID:2] (718, 295, 893, 473)
  yellow_mustard_sauce (0.91) [ID:3] (875, 214, 903, 304)
  hand (0.83) [ID:30] (104, 335, 128, 374)
  hand (0.52) [ID:34] (117, 299, 135, 330)
Frame 167:
  ketchup_sauce (0.93) [ID:1] (906, 239, 936, 284)
  wrapper (0.96) [ID:2] (718, 295, 893, 473)
  yellow_mustard_sauce (0.91) [ID:3] (875, 214, 903, 304)
  hand (0.84) [ID:30] (108, 335, 130, 374)
Frame 168:
  ketchup_sauce (0.93) [ID:1] (906, 239, 936, 284)
  wrapper (0.96) [ID:2] (718, 295, 893, 473)
  yellow_mustard_sauce (0.91) [ID:3] (875, 214, 903, 304)
  hand (0.81) [ID:30] (111, 333, 134, 372)
Frame 169:
  ketchup_sauce (0.93) [ID:1] (906, 239, 936, 284)
  wrapper (0.96) [ID:2] (718, 295, 893, 473)
  yellow_mustard_sauce (0.91) [ID:3] (875, 214, 903, 303)
  hand (0.82) [ID:30] (113, 330, 138, 368)
Frame 170:
  ketchup_sauce (0.93) [ID:1] (906, 239, 936, 284)
  wrapper (0.96) [ID:2] (718, 295, 893, 473)
  yellow_mustard_sauce (0.91) [ID:3] (875, 214, 903, 304)
  hand (0.82) [ID:30] (118, 326, 143, 363)
Frame 171:
  ketchup_sauce (0.93) [ID:1] (906, 239, 936, 284)
  wrapper (0.96) [ID:2] (718, 295, 893, 473)
  yellow_mustard_sauce (0.91) [ID:3] (875, 214, 903, 303)
  hand (0.84) [ID:30] (122, 315, 144, 357)
Frame 172:
  ketchup_sauce (0.93) [ID:1] (906, 239, 936, 284)
  wrapper (0.96) [ID:2] (718, 295, 893, 473)
  yellow_mustard_sauce (0.91) [ID:3] (875, 214, 903, 304)
  hand (0.82) [ID:30] (123, 304, 146, 347)
Frame 173:
  ketchup_sauce (0.93) [ID:1] (906, 239, 936, 284)
  wrapper (0.96) [ID:2] (718, 295, 893, 473)
  yellow_mustard_sauce (0.91) [ID:3] (875, 214, 903, 304)
  hand (0.82) [ID:30] (119, 298, 146, 336)
Frame 174:
  ketchup_sauce (0.93) [ID:1] (906, 239, 936, 284)
  wrapper (0.96) [ID:2] (718, 295, 893, 473)
  yellow_mustard_sauce (0.91) [ID:3] (875, 214, 903, 304)
  hand (0.81) [ID:30] (121, 297, 148, 331)
Frame 175:
  ketchup_sauce (0.93) [ID:1] (906, 239, 936, 284)
  wrapper (0.96) [ID:2] (718, 295, 893, 473)
  yellow_mustard_sauce (0.91) [ID:3] (875, 214, 903, 304)
  hand (0.74) [ID:30] (121, 296, 148, 327)
Frame 176:
  ketchup_sauce (0.93) [ID:1] (906, 239, 936, 284)
  wrapper (0.96) [ID:2] (718, 295, 893, 473)
  yellow_mustard_sauce (0.91) [ID:3] (875, 214, 903, 304)
  hand (0.65) [ID:30] (121, 297, 145, 325)
Frame 177:
  ketchup_sauce (0.93) [ID:1] (906, 239, 936, 284)
  wrapper (0.96) [ID:2] (718, 295, 893, 473)
  yellow_mustard_sauce (0.91) [ID:3] (875, 214, 903, 304)
Frame 178:
  ketchup_sauce (0.93) [ID:1] (906, 239, 936, 284)
  wrapper (0.96) [ID:2] (718, 295, 893, 473)
  yellow_mustard_sauce (0.91) [ID:3] (875, 214, 903, 304)
  hand (0.66) [ID:34] (118, 296, 141, 327)
Frame 179:
  ketchup_sauce (0.93) [ID:1] (906, 239, 936, 284)
  wrapper (0.96) [ID:2] (718, 295, 893, 473)
  yellow_mustard_sauce (0.91) [ID:3] (875, 214, 903, 303)
  hand (0.73) [ID:34] (117, 297, 137, 327)
Frame 180:
  ketchup_sauce (0.93) [ID:1] (906, 239, 936, 285)
  wrapper (0.96) [ID:2] (718, 295, 893, 474)
  yellow_mustard_sauce (0.91) [ID:3] (875, 214, 903, 304)
  hand (0.76) [ID:34] (117, 297, 138, 327)
Frame 181:
  ketchup_sauce (0.93) [ID:1] (906, 239, 936, 285)
  wrapper (0.96) [ID:2] (718, 295, 893, 474)
  yellow_mustard_sauce (0.91) [ID:3] (875, 214, 903, 304)
  hand (0.81) [ID:34] (114, 296, 137, 328)
Frame 182:
  ketchup_sauce (0.93) [ID:1] (906, 239, 936, 285)
  wrapper (0.96) [ID:2] (718, 295, 893, 474)
  yellow_mustard_sauce (0.91) [ID:3] (875, 214, 903, 304)
  hand (0.83) [ID:34] (113, 296, 136, 329)
Frame 183:
  ketchup_sauce (0.93) [ID:1] (906, 239, 936, 285)
  wrapper (0.96) [ID:2] (718, 295, 893, 474)
  yellow_mustard_sauce (0.91) [ID:3] (875, 214, 903, 304)
  hand (0.84) [ID:34] (111, 296, 135, 330)
Frame 184:
  ketchup_sauce (0.93) [ID:1] (906, 239, 936, 285)
  wrapper (0.96) [ID:2] (718, 295, 893, 474)
  yellow_mustard_sauce (0.91) [ID:3] (875, 214, 903, 304)
  hand (0.84) [ID:34] (110, 298, 134, 332)
Frame 185:
  ketchup_sauce (0.93) [ID:1] (906, 239, 936, 284)
  wrapper (0.96) [ID:2] (718, 295, 893, 474)
  yellow_mustard_sauce (0.91) [ID:3] (875, 214, 903, 304)
  hand (0.84) [ID:34] (110, 300, 133, 333)
Frame 186:
  ketchup_sauce (0.93) [ID:1] (906, 239, 936, 285)
  wrapper (0.96) [ID:2] (718, 295, 893, 474)
  yellow_mustard_sauce (0.91) [ID:3] (875, 214, 903, 304)
  hand (0.83) [ID:34] (109, 300, 134, 336)
Frame 187:
  ketchup_sauce (0.93) [ID:1] (906, 239, 936, 285)
  wrapper (0.96) [ID:2] (718, 295, 893, 474)
  yellow_mustard_sauce (0.91) [ID:3] (875, 214, 903, 304)
  hand (0.82) [ID:34] (109, 300, 134, 340)
Frame 188:
  ketchup_sauce (0.93) [ID:1] (906, 239, 936, 285)
  wrapper (0.96) [ID:2] (718, 295, 893, 474)
  yellow_mustard_sauce (0.91) [ID:3] (875, 214, 903, 304)
  hand (0.82) [ID:34] (109, 300, 134, 347)
Frame 189:
  ketchup_sauce (0.93) [ID:1] (906, 239, 936, 284)
  wrapper (0.96) [ID:2] (718, 295, 893, 474)
  yellow_mustard_sauce (0.91) [ID:3] (875, 214, 903, 304)
  hand (0.83) [ID:34] (108, 301, 133, 357)
Frame 190:
  ketchup_sauce (0.93) [ID:1] (906, 239, 936, 284)
  wrapper (0.96) [ID:2] (718, 295, 893, 474)
  yellow_mustard_sauce (0.91) [ID:3] (875, 214, 903, 304)
  hand (0.83) [ID:34] (107, 301, 133, 360)
Frame 191:
  ketchup_sauce (0.93) [ID:1] (906, 239, 936, 284)
  wrapper (0.96) [ID:2] (718, 295, 893, 474)
  yellow_mustard_sauce (0.91) [ID:3] (875, 214, 903, 304)
  hand (0.84) [ID:34] (107, 305, 129, 364)
Frame 192:
  ketchup_sauce (0.93) [ID:1] (906, 239, 936, 284)
  wrapper (0.96) [ID:2] (718, 295, 893, 474)
  yellow_mustard_sauce (0.91) [ID:3] (875, 214, 903, 304)
  hand (0.77) [ID:34] (109, 328, 130, 367)
Frame 193:
  ketchup_sauce (0.93) [ID:1] (906, 239, 936, 284)
  wrapper (0.96) [ID:2] (718, 295, 893, 474)
  yellow_mustard_sauce (0.91) [ID:3] (875, 214, 903, 304)
  hand (0.80) [ID:34] (110, 332, 132, 371)
Frame 194:
  ketchup_sauce (0.93) [ID:1] (906, 239, 936, 284)
  wrapper (0.96) [ID:2] (718, 295, 893, 474)
  yellow_mustard_sauce (0.91) [ID:3] (875, 214, 903, 304)
  hand (0.81) [ID:34] (112, 334, 136, 377)
Frame 195:
  ketchup_sauce (0.93) [ID:1] (906, 239, 936, 284)
  wrapper (0.96) [ID:2] (718, 295, 893, 474)
  yellow_mustard_sauce (0.91) [ID:3] (875, 214, 903, 304)
  hand (0.83) [ID:34] (111, 334, 140, 379)
Frame 196:
  ketchup_sauce (0.93) [ID:1] (906, 239, 936, 284)
  wrapper (0.96) [ID:2] (718, 295, 893, 474)
  yellow_mustard_sauce (0.91) [ID:3] (875, 214, 903, 304)
  hand (0.81) [ID:34] (118, 334, 147, 382)
Frame 197:
  ketchup_sauce (0.93) [ID:1] (906, 239, 936, 284)
  wrapper (0.96) [ID:2] (718, 295, 893, 474)
  yellow_mustard_sauce (0.91) [ID:3] (875, 214, 903, 304)
  hand (0.84) [ID:34] (126, 337, 151, 382)
Frame 198:
  ketchup_sauce (0.93) [ID:1] (906, 239, 936, 284)
  wrapper (0.96) [ID:2] (718, 295, 893, 474)
  yellow_mustard_sauce (0.91) [ID:3] (875, 214, 903, 304)
  hand (0.82) [ID:34] (130, 334, 156, 379)
Frame 199:
  ketchup_sauce (0.93) [ID:1] (906, 239, 936, 284)
  wrapper (0.96) [ID:2] (718, 295, 893, 474)
  yellow_mustard_sauce (0.91) [ID:3] (875, 214, 903, 304)
  hand (0.82) [ID:34] (135, 330, 160, 372)
Frame 200:
  ketchup_sauce (0.93) [ID:1] (906, 239, 936, 284)
  wrapper (0.96) [ID:2] (718, 295, 893, 474)
  yellow_mustard_sauce (0.91) [ID:3] (875, 214, 903, 304)
  hand (0.83) [ID:34] (139, 325, 163, 366)
Frame 201:
  ketchup_sauce (0.93) [ID:1] (906, 239, 936, 285)
  wrapper (0.96) [ID:2] (718, 295, 893, 474)
  yellow_mustard_sauce (0.91) [ID:3] (875, 214, 903, 304)
  hand (0.83) [ID:34] (141, 315, 165, 359)
Frame 202:
  ketchup_sauce (0.93) [ID:1] (906, 239, 936, 284)
  wrapper (0.96) [ID:2] (718, 295, 893, 474)
  yellow_mustard_sauce (0.91) [ID:3] (875, 214, 903, 304)
  hand (0.83) [ID:34] (143, 308, 167, 352)
  hand (0.65) [ID:36] (118, 298, 137, 328)
Frame 203:
  ketchup_sauce (0.93) [ID:1] (906, 239, 936, 285)
  wrapper (0.96) [ID:2] (718, 295, 893, 474)
  yellow_mustard_sauce (0.91) [ID:3] (875, 214, 903, 304)
  hand (0.81) [ID:34] (145, 302, 167, 338)
  hand (0.60) [ID:36] (118, 298, 136, 328)
Frame 204:
  ketchup_sauce (0.93) [ID:1] (906, 239, 936, 285)
  wrapper (0.96) [ID:2] (718, 295, 893, 474)
  yellow_mustard_sauce (0.91) [ID:3] (875, 214, 903, 304)
  hand (0.79) [ID:34] (145, 298, 167, 330)
  hand (0.51) [ID:36] (118, 298, 136, 327)
Frame 205:
  ketchup_sauce (0.93) [ID:1] (906, 239, 936, 285)
  wrapper (0.96) [ID:2] (718, 295, 893, 474)
  yellow_mustard_sauce (0.91) [ID:3] (875, 214, 903, 304)
  hand (0.82) [ID:34] (144, 296, 169, 326)
Frame 206:
  ketchup_sauce (0.93) [ID:1] (906, 239, 936, 285)
  wrapper (0.96) [ID:2] (718, 295, 893, 474)
  yellow_mustard_sauce (0.91) [ID:3] (875, 214, 903, 304)
  hand (0.79) [ID:34] (144, 295, 169, 322)
Frame 207:
  ketchup_sauce (0.93) [ID:1] (906, 239, 936, 285)
  wrapper (0.96) [ID:2] (718, 295, 893, 474)
  yellow_mustard_sauce (0.91) [ID:3] (875, 214, 903, 304)
  hand (0.74) [ID:34] (144, 295, 165, 320)
Frame 208:
  ketchup_sauce (0.93) [ID:1] (906, 239, 936, 285)
  wrapper (0.96) [ID:2] (718, 295, 893, 474)
  yellow_mustard_sauce (0.91) [ID:3] (875, 214, 903, 304)
  hand (0.72) [ID:34] (143, 296, 163, 319)
  hand (0.51) [ID:36] (117, 298, 135, 329)
Frame 209:
  ketchup_sauce (0.93) [ID:1] (906, 239, 936, 285)
  wrapper (0.96) [ID:2] (718, 295, 893, 474)
  yellow_mustard_sauce (0.91) [ID:3] (875, 214, 903, 304)
  hand (0.74) [ID:34] (142, 296, 163, 321)
Frame 210:
  ketchup_sauce (0.93) [ID:1] (906, 239, 936, 285)
  wrapper (0.96) [ID:2] (718, 295, 893, 474)
  yellow_mustard_sauce (0.91) [ID:3] (875, 214, 903, 304)
  hand (0.78) [ID:34] (139, 296, 163, 323)
Frame 211:
  ketchup_sauce (0.93) [ID:1] (906, 239, 936, 285)
  wrapper (0.96) [ID:2] (718, 295, 893, 474)
  yellow_mustard_sauce (0.91) [ID:3] (875, 214, 903, 304)
  hand (0.78) [ID:34] (138, 297, 159, 329)
Frame 212:
  ketchup_sauce (0.93) [ID:1] (906, 239, 936, 285)
  wrapper (0.96) [ID:2] (718, 295, 893, 474)
  yellow_mustard_sauce (0.91) [ID:3] (875, 214, 903, 304)
  hand (0.78) [ID:34] (135, 300, 156, 335)
Frame 213:
  ketchup_sauce (0.93) [ID:1] (906, 239, 936, 285)
  wrapper (0.96) [ID:2] (718, 295, 893, 474)
  yellow_mustard_sauce (0.91) [ID:3] (875, 214, 903, 304)
  hand (0.80) [ID:34] (131, 301, 152, 342)
Frame 214:
  ketchup_sauce (0.93) [ID:1] (906, 239, 936, 285)
  wrapper (0.96) [ID:2] (718, 295, 893, 474)
  yellow_mustard_sauce (0.91) [ID:3] (875, 214, 903, 304)
  hand (0.81) [ID:34] (127, 307, 146, 348)
Frame 215:
  ketchup_sauce (0.93) [ID:1] (906, 239, 936, 285)
  wrapper (0.96) [ID:2] (718, 295, 893, 474)
  yellow_mustard_sauce (0.91) [ID:3] (875, 214, 903, 304)
  hand (0.80) [ID:34] (125, 310, 142, 359)
Frame 216:
  ketchup_sauce (0.93) [ID:1] (906, 239, 936, 285)
  wrapper (0.96) [ID:2] (718, 295, 893, 474)
  yellow_mustard_sauce (0.91) [ID:3] (875, 214, 903, 304)
  hand (0.81) [ID:34] (119, 325, 139, 365)
  hand (0.51) [ID:36] (118, 299, 136, 329)
Frame 217:
  ketchup_sauce (0.93) [ID:1] (906, 239, 936, 285)
  wrapper (0.96) [ID:2] (718, 295, 893, 474)
  yellow_mustard_sauce (0.91) [ID:3] (875, 214, 903, 304)
  hand (0.77) [ID:34] (115, 329, 136, 369)
Frame 218:
  ketchup_sauce (0.93) [ID:1] (906, 239, 936, 285)
  wrapper (0.96) [ID:2] (718, 295, 893, 474)
  yellow_mustard_sauce (0.91) [ID:3] (875, 214, 903, 304)
  hand (0.82) [ID:34] (112, 334, 135, 379)
Frame 219:
  ketchup_sauce (0.93) [ID:1] (906, 239, 936, 285)
  wrapper (0.96) [ID:2] (718, 295, 893, 474)
  yellow_mustard_sauce (0.91) [ID:3] (875, 214, 903, 304)
  hand (0.84) [ID:34] (112, 336, 134, 383)
Frame 220:
  ketchup_sauce (0.93) [ID:1] (906, 239, 936, 285)
  wrapper (0.96) [ID:2] (718, 295, 893, 474)
  yellow_mustard_sauce (0.91) [ID:3] (875, 214, 903, 304)
  hand (0.84) [ID:34] (112, 335, 133, 389)
Frame 221:
  ketchup_sauce (0.93) [ID:1] (906, 239, 936, 285)
  wrapper (0.96) [ID:2] (718, 295, 893, 474)
  yellow_mustard_sauce (0.91) [ID:3] (875, 214, 903, 304)
  hand (0.83) [ID:34] (112, 335, 133, 391)
Frame 222:
  ketchup_sauce (0.93) [ID:1] (906, 239, 936, 285)
  wrapper (0.96) [ID:2] (718, 295, 893, 474)
  yellow_mustard_sauce (0.91) [ID:3] (875, 214, 903, 304)
  hand (0.84) [ID:34] (111, 336, 133, 393)
Frame 223:
  ketchup_sauce (0.93) [ID:1] (906, 239, 936, 285)
  wrapper (0.96) [ID:2] (718, 295, 893, 474)
  yellow_mustard_sauce (0.91) [ID:3] (875, 214, 903, 304)
  hand (0.85) [ID:34] (111, 339, 132, 398)
Frame 224:
  ketchup_sauce (0.93) [ID:1] (906, 239, 936, 285)
  wrapper (0.96) [ID:2] (718, 295, 893, 474)
  yellow_mustard_sauce (0.91) [ID:3] (875, 214, 903, 304)
  hand (0.83) [ID:34] (110, 340, 130, 403)
Frame 225:
  ketchup_sauce (0.93) [ID:1] (906, 239, 936, 285)
  wrapper (0.96) [ID:2] (718, 295, 893, 474)
  yellow_mustard_sauce (0.91) [ID:3] (875, 214, 903, 303)
  hand (0.83) [ID:34] (108, 348, 128, 409)
Frame 226:
  ketchup_sauce (0.93) [ID:1] (906, 239, 936, 285)
  wrapper (0.96) [ID:2] (718, 295, 893, 474)
  yellow_mustard_sauce (0.91) [ID:3] (875, 214, 903, 303)
  hand (0.85) [ID:34] (105, 365, 126, 415)
Frame 227:
  ketchup_sauce (0.93) [ID:1] (906, 239, 936, 285)
  wrapper (0.96) [ID:2] (718, 295, 893, 474)
  yellow_mustard_sauce (0.91) [ID:3] (875, 214, 903, 303)
  hand (0.84) [ID:34] (101, 373, 124, 425)
Frame 228:
  ketchup_sauce (0.93) [ID:1] (906, 239, 936, 285)
  wrapper (0.96) [ID:2] (718, 295, 893, 474)
  yellow_mustard_sauce (0.91) [ID:3] (875, 214, 903, 303)
  hand (0.83) [ID:34] (98, 383, 121, 432)
Frame 229:
  ketchup_sauce (0.93) [ID:1] (906, 239, 936, 285)
  wrapper (0.96) [ID:2] (718, 295, 893, 474)
  yellow_mustard_sauce (0.91) [ID:3] (875, 214, 903, 303)
  hand (0.81) [ID:34] (98, 394, 119, 438)
Frame 230:
  ketchup_sauce (0.93) [ID:1] (906, 239, 936, 285)
  wrapper (0.96) [ID:2] (718, 295, 893, 474)
  yellow_mustard_sauce (0.91) [ID:3] (875, 214, 903, 303)
  hand (0.83) [ID:34] (98, 397, 120, 441)
Frame 231:
  ketchup_sauce (0.93) [ID:1] (906, 239, 936, 285)
  wrapper (0.96) [ID:2] (718, 295, 893, 474)
  yellow_mustard_sauce (0.91) [ID:3] (875, 214, 903, 303)
  hand (0.83) [ID:34] (99, 395, 121, 442)
Frame 232:
  ketchup_sauce (0.93) [ID:1] (906, 239, 936, 285)
  wrapper (0.96) [ID:2] (718, 295, 893, 474)
  yellow_mustard_sauce (0.91) [ID:3] (875, 214, 903, 303)
  hand (0.80) [ID:34] (101, 402, 124, 444)
Frame 233:
  ketchup_sauce (0.93) [ID:1] (906, 239, 936, 285)
  wrapper (0.96) [ID:2] (718, 295, 893, 474)
  yellow_mustard_sauce (0.91) [ID:3] (875, 214, 903, 303)
  hand (0.79) [ID:34] (104, 401, 126, 445)
Frame 234:
  ketchup_sauce (0.93) [ID:1] (906, 239, 936, 285)
  wrapper (0.96) [ID:2] (718, 295, 893, 474)
  yellow_mustard_sauce (0.91) [ID:3] (875, 214, 903, 303)
  hand (0.83) [ID:34] (105, 405, 126, 448)
Frame 235:
  ketchup_sauce (0.93) [ID:1] (906, 239, 936, 285)
  wrapper (0.96) [ID:2] (718, 295, 893, 474)
  yellow_mustard_sauce (0.91) [ID:3] (875, 214, 903, 303)
  hand (0.81) [ID:34] (105, 403, 127, 448)
Frame 236:
  ketchup_sauce (0.93) [ID:1] (906, 239, 936, 285)
  wrapper (0.96) [ID:2] (718, 295, 893, 474)
  yellow_mustard_sauce (0.91) [ID:3] (875, 214, 903, 303)
  hand (0.84) [ID:34] (105, 406, 129, 452)
Frame 237:
  ketchup_sauce (0.93) [ID:1] (906, 239, 936, 285)
  wrapper (0.96) [ID:2] (718, 295, 893, 474)
  yellow_mustard_sauce (0.91) [ID:3] (875, 214, 903, 303)
  hand (0.84) [ID:34] (105, 408, 128, 454)
Frame 238:
  ketchup_sauce (0.93) [ID:1] (906, 239, 936, 285)
  wrapper (0.96) [ID:2] (718, 295, 893, 474)
  yellow_mustard_sauce (0.91) [ID:3] (875, 214, 903, 303)
  hand (0.82) [ID:34] (104, 413, 127, 456)
Frame 239:
  ketchup_sauce (0.93) [ID:1] (906, 239, 936, 285)
  wrapper (0.96) [ID:2] (718, 295, 893, 474)
  yellow_mustard_sauce (0.91) [ID:3] (875, 214, 903, 304)
  hand (0.79) [ID:34] (105, 424, 126, 461)
Frame 240:
  ketchup_sauce (0.93) [ID:1] (906, 239, 936, 285)
  wrapper (0.96) [ID:2] (718, 295, 893, 474)
  yellow_mustard_sauce (0.91) [ID:3] (875, 214, 903, 303)
  hand (0.80) [ID:34] (106, 426, 127, 469)
Frame 241:
  ketchup_sauce (0.93) [ID:1] (906, 239, 936, 285)
  wrapper (0.96) [ID:2] (718, 295, 893, 474)
  yellow_mustard_sauce (0.91) [ID:3] (875, 214, 903, 303)
  hand (0.79) [ID:34] (108, 433, 129, 471)
Frame 242:
  ketchup_sauce (0.93) [ID:1] (906, 239, 936, 285)
  wrapper (0.96) [ID:2] (718, 295, 893, 474)
  yellow_mustard_sauce (0.91) [ID:3] (875, 214, 903, 303)
  hand (0.80) [ID:34] (112, 438, 134, 475)
Frame 243:
  ketchup_sauce (0.93) [ID:1] (906, 239, 936, 285)
  wrapper (0.96) [ID:2] (718, 295, 893, 474)
  yellow_mustard_sauce (0.91) [ID:3] (875, 214, 903, 303)
  hand (0.82) [ID:34] (116, 446, 139, 488)
Frame 244:
  ketchup_sauce (0.93) [ID:1] (906, 239, 936, 285)
  wrapper (0.96) [ID:2] (718, 295, 893, 474)
  yellow_mustard_sauce (0.91) [ID:3] (875, 214, 903, 303)
  hand (0.87) [ID:34] (121, 451, 147, 495)
Frame 245:
  ketchup_sauce (0.93) [ID:1] (906, 239, 936, 284)
  wrapper (0.96) [ID:2] (718, 295, 893, 473)
  yellow_mustard_sauce (0.91) [ID:3] (875, 214, 903, 303)
  hand (0.86) [ID:34] (128, 460, 156, 500)
Frame 246:
  ketchup_sauce (0.93) [ID:1] (906, 239, 936, 285)
  wrapper (0.96) [ID:2] (718, 295, 893, 474)
  yellow_mustard_sauce (0.91) [ID:3] (875, 214, 903, 303)
  hand (0.87) [ID:34] (136, 467, 166, 509)
Frame 247:
  ketchup_sauce (0.93) [ID:1] (906, 239, 936, 285)
  wrapper (0.96) [ID:2] (718, 295, 893, 474)
  yellow_mustard_sauce (0.91) [ID:3] (875, 214, 903, 303)
  hand (0.85) [ID:34] (144, 475, 175, 517)
Frame 248:
  ketchup_sauce (0.93) [ID:1] (906, 239, 936, 285)
  wrapper (0.96) [ID:2] (718, 295, 893, 474)
  yellow_mustard_sauce (0.91) [ID:3] (875, 214, 903, 303)
  hand (0.89) [ID:34] (153, 481, 187, 525)
Frame 249:
  ketchup_sauce (0.93) [ID:1] (906, 239, 936, 285)
  wrapper (0.96) [ID:2] (718, 295, 893, 474)
  yellow_mustard_sauce (0.91) [ID:3] (875, 214, 903, 303)
  hand (0.86) [ID:34] (161, 482, 196, 529)
  hand (0.62) [ID:38] (96, 402, 120, 460)
Frame 250:
  ketchup_sauce (0.93) [ID:1] (906, 239, 936, 285)
  wrapper (0.96) [ID:2] (718, 295, 893, 473)
  yellow_mustard_sauce (0.91) [ID:3] (875, 214, 903, 303)
  hand (0.88) [ID:34] (168, 486, 208, 534)
Frame 251:
  ketchup_sauce (0.93) [ID:1] (906, 239, 936, 285)
  wrapper (0.96) [ID:2] (718, 295, 893, 474)
  yellow_mustard_sauce (0.91) [ID:3] (875, 214, 903, 303)
  hand (0.86) [ID:34] (175, 489, 216, 537)
Frame 252:
  ketchup_sauce (0.93) [ID:1] (906, 239, 936, 284)
  wrapper (0.96) [ID:2] (718, 295, 893, 474)
  yellow_mustard_sauce (0.91) [ID:3] (875, 214, 903, 303)
  hand (0.86) [ID:34] (179, 494, 221, 540)
Frame 253:
  ketchup_sauce (0.93) [ID:1] (906, 239, 936, 284)
  wrapper (0.96) [ID:2] (718, 295, 893, 474)
  yellow_mustard_sauce (0.91) [ID:3] (875, 214, 903, 303)
  hand (0.85) [ID:34] (184, 497, 223, 539)
  hand (0.77) [ID:39] (112, 403, 136, 465)
Frame 254:
  ketchup_sauce (0.93) [ID:1] (906, 239, 936, 284)
  wrapper (0.96) [ID:2] (718, 295, 893, 474)
  yellow_mustard_sauce (0.91) [ID:3] (875, 214, 903, 303)
  hand (0.85) [ID:34] (188, 501, 222, 547)
  hand (0.65) [ID:39] (113, 405, 137, 431)
Frame 255:
  ketchup_sauce (0.93) [ID:1] (906, 239, 936, 284)
  wrapper (0.96) [ID:2] (718, 295, 893, 474)
  yellow_mustard_sauce (0.91) [ID:3] (875, 214, 903, 303)
  hand (0.86) [ID:34] (192, 497, 233, 543)
  hand (0.61) [ID:39] (115, 405, 138, 431)
Frame 256:
  ketchup_sauce (0.93) [ID:1] (906, 239, 936, 284)
  wrapper (0.96) [ID:2] (718, 295, 893, 474)
  yellow_mustard_sauce (0.91) [ID:3] (875, 214, 903, 303)
  hand (0.85) [ID:34] (195, 495, 238, 547)
Frame 257:
  ketchup_sauce (0.93) [ID:1] (906, 239, 936, 284)
  wrapper (0.96) [ID:2] (718, 295, 893, 474)
  yellow_mustard_sauce (0.91) [ID:3] (875, 214, 903, 303)
  hand (0.86) [ID:34] (199, 495, 241, 543)
  hand (0.70) [ID:40] (117, 401, 145, 461)
Frame 258:
  ketchup_sauce (0.93) [ID:1] (906, 239, 936, 284)
  wrapper (0.96) [ID:2] (718, 295, 893, 474)
  yellow_mustard_sauce (0.91) [ID:3] (875, 214, 903, 303)
  hand (0.86) [ID:34] (204, 497, 245, 547)
  hand (0.77) [ID:40] (118, 398, 147, 456)
Frame 259:
  ketchup_sauce (0.93) [ID:1] (906, 239, 936, 284)
  wrapper (0.96) [ID:2] (718, 295, 893, 474)
  yellow_mustard_sauce (0.91) [ID:3] (875, 214, 903, 303)
  hand (0.85) [ID:34] (208, 494, 251, 542)
  hand (0.63) [ID:40] (119, 392, 147, 448)
Frame 260:
  ketchup_sauce (0.93) [ID:1] (906, 239, 936, 284)
  wrapper (0.96) [ID:2] (718, 295, 893, 474)
  yellow_mustard_sauce (0.91) [ID:3] (875, 214, 903, 303)
  hand (0.87) [ID:34] (211, 491, 256, 543)
  hand (0.72) [ID:40] (120, 385, 149, 441)
Frame 261:
  ketchup_sauce (0.93) [ID:1] (906, 239, 936, 284)
  wrapper (0.96) [ID:2] (718, 295, 893, 474)
  yellow_mustard_sauce (0.91) [ID:3] (875, 214, 903, 303)
  hand (0.85) [ID:34] (214, 490, 259, 540)
Frame 262:
  ketchup_sauce (0.93) [ID:1] (906, 239, 936, 284)
  wrapper (0.96) [ID:2] (718, 295, 893, 474)
  yellow_mustard_sauce (0.91) [ID:3] (875, 214, 903, 303)
  hand (0.86) [ID:34] (217, 489, 262, 538)
  hand (0.79) [ID:40] (128, 362, 157, 409)
Frame 263:
  ketchup_sauce (0.93) [ID:1] (906, 239, 936, 284)
  wrapper (0.96) [ID:2] (718, 295, 893, 474)
  yellow_mustard_sauce (0.91) [ID:3] (875, 214, 903, 303)
  hand (0.86) [ID:34] (220, 487, 264, 539)
  hand (0.84) [ID:40] (130, 352, 160, 396)
Frame 264:
  ketchup_sauce (0.93) [ID:1] (906, 239, 936, 284)
  wrapper (0.96) [ID:2] (718, 295, 893, 474)
  yellow_mustard_sauce (0.91) [ID:3] (875, 214, 903, 303)
  hand (0.86) [ID:34] (222, 487, 267, 541)
  hand (0.84) [ID:40] (132, 342, 160, 386)
Frame 265:
  ketchup_sauce (0.93) [ID:1] (906, 239, 936, 284)
  wrapper (0.96) [ID:2] (718, 295, 893, 474)
  yellow_mustard_sauce (0.91) [ID:3] (875, 214, 903, 303)
  hand (0.87) [ID:34] (224, 487, 270, 540)
  hand (0.74) [ID:40] (132, 321, 160, 375)
Frame 266:
  ketchup_sauce (0.93) [ID:1] (906, 239, 936, 284)
  wrapper (0.96) [ID:2] (718, 295, 893, 474)
  yellow_mustard_sauce (0.91) [ID:3] (875, 214, 903, 303)
  hand (0.87) [ID:34] (226, 487, 271, 539)
  hand (0.84) [ID:40] (133, 311, 160, 366)
Frame 267:
  ketchup_sauce (0.93) [ID:1] (906, 239, 936, 285)
  wrapper (0.96) [ID:2] (718, 295, 893, 474)
  yellow_mustard_sauce (0.91) [ID:3] (875, 214, 903, 303)
  hand (0.86) [ID:34] (227, 486, 272, 544)
  hand (0.83) [ID:40] (133, 307, 161, 357)
Frame 268:
  ketchup_sauce (0.93) [ID:1] (906, 239, 936, 285)
  wrapper (0.96) [ID:2] (718, 295, 893, 474)
  yellow_mustard_sauce (0.91) [ID:3] (875, 214, 903, 303)
  hand (0.87) [ID:34] (228, 482, 274, 547)
  hand (0.83) [ID:40] (134, 300, 163, 349)
Frame 269:
  ketchup_sauce (0.93) [ID:1] (906, 239, 936, 285)
  wrapper (0.96) [ID:2] (718, 295, 893, 474)
  yellow_mustard_sauce (0.91) [ID:3] (875, 214, 903, 303)
  hand (0.89) [ID:34] (229, 481, 274, 550)
  hand (0.80) [ID:40] (133, 297, 166, 343)
Frame 270:
  ketchup_sauce (0.93) [ID:1] (906, 239, 936, 285)
  wrapper (0.96) [ID:2] (718, 295, 893, 474)
  yellow_mustard_sauce (0.91) [ID:3] (875, 214, 903, 303)
  hand (0.89) [ID:34] (230, 485, 271, 551)
  hand (0.82) [ID:40] (132, 294, 170, 341)
Frame 271:
  ketchup_sauce (0.93) [ID:1] (906, 239, 936, 284)
  wrapper (0.96) [ID:2] (718, 295, 893, 474)
  yellow_mustard_sauce (0.90) [ID:3] (875, 214, 903, 303)
  hand (0.89) [ID:34] (230, 490, 267, 553)
  hand (0.84) [ID:40] (133, 289, 172, 337)
Frame 272:
  ketchup_sauce (0.93) [ID:1] (906, 239, 936, 284)
  wrapper (0.96) [ID:2] (718, 295, 893, 474)
  yellow_mustard_sauce (0.90) [ID:3] (875, 214, 903, 303)
  hand (0.89) [ID:34] (227, 496, 261, 552)
  hand (0.85) [ID:40] (134, 282, 174, 335)
Frame 273:
  ketchup_sauce (0.93) [ID:1] (906, 239, 936, 285)
  wrapper (0.96) [ID:2] (718, 295, 893, 474)
  yellow_mustard_sauce (0.90) [ID:3] (875, 214, 903, 303)
  hand (0.88) [ID:34] (226, 498, 257, 553)
  hand (0.87) [ID:40] (137, 278, 179, 331)
Frame 274:
  ketchup_sauce (0.93) [ID:1] (906, 239, 936, 285)
  wrapper (0.96) [ID:2] (718, 295, 893, 474)
  yellow_mustard_sauce (0.90) [ID:3] (875, 214, 903, 303)
  hand (0.86) [ID:34] (225, 501, 257, 555)
  hand (0.86) [ID:40] (140, 278, 181, 327)
Frame 275:
  ketchup_sauce (0.93) [ID:1] (906, 239, 936, 285)
  wrapper (0.96) [ID:2] (718, 295, 893, 474)
  yellow_mustard_sauce (0.90) [ID:3] (875, 214, 903, 303)
  hand (0.87) [ID:34] (229, 501, 261, 553)
  hand (0.86) [ID:40] (141, 277, 184, 326)
Frame 276:
  ketchup_sauce (0.93) [ID:1] (906, 239, 936, 285)
  wrapper (0.96) [ID:2] (718, 295, 893, 474)
  yellow_mustard_sauce (0.90) [ID:3] (875, 214, 903, 303)
  hand (0.87) [ID:34] (235, 499, 269, 550)
  hand (0.81) [ID:40] (144, 277, 187, 324)
  hand (0.59) [ID:41] (81, 487, 115, 540)
Frame 277:
  ketchup_sauce (0.93) [ID:1] (906, 239, 936, 284)
  wrapper (0.96) [ID:2] (718, 295, 893, 474)
  yellow_mustard_sauce (0.90) [ID:3] (875, 214, 903, 303)
  hand (0.83) [ID:34] (242, 496, 282, 542)
  hand (0.81) [ID:40] (145, 278, 188, 322)
  hand (0.76) [ID:41] (81, 487, 119, 540)
Frame 278:
  ketchup_sauce (0.93) [ID:1] (906, 239, 936, 284)
  wrapper (0.96) [ID:2] (718, 295, 893, 474)
  yellow_mustard_sauce (0.90) [ID:3] (875, 214, 903, 303)
  hand (0.86) [ID:34] (246, 495, 285, 543)
  hand (0.80) [ID:40] (147, 279, 191, 321)
Frame 279:
  ketchup_sauce (0.93) [ID:1] (906, 239, 936, 284)
  wrapper (0.96) [ID:2] (718, 295, 893, 474)
  yellow_mustard_sauce (0.90) [ID:3] (875, 214, 903, 303)
  hand (0.86) [ID:34] (252, 496, 288, 544)
  hand (0.83) [ID:40] (150, 279, 192, 320)
Frame 280:
  ketchup_sauce (0.93) [ID:1] (906, 239, 936, 284)
  wrapper (0.96) [ID:2] (718, 295, 893, 474)
  yellow_mustard_sauce (0.91) [ID:3] (875, 214, 903, 303)
  hand (0.85) [ID:34] (258, 498, 292, 542)
  hand (0.85) [ID:40] (151, 279, 193, 320)
Frame 281:
  ketchup_sauce (0.93) [ID:1] (906, 239, 936, 284)
  wrapper (0.96) [ID:2] (718, 295, 893, 474)
  yellow_mustard_sauce (0.90) [ID:3] (875, 214, 903, 303)
  hand (0.84) [ID:34] (263, 496, 293, 544)
  hand (0.86) [ID:40] (152, 279, 194, 321)
Frame 282:
  ketchup_sauce (0.93) [ID:1] (906, 239, 936, 285)
  wrapper (0.96) [ID:2] (718, 295, 893, 474)
  yellow_mustard_sauce (0.90) [ID:3] (875, 214, 903, 303)
  hand (0.80) [ID:34] (264, 496, 291, 544)
  hand (0.87) [ID:40] (153, 279, 194, 321)
Frame 283:
  ketchup_sauce (0.93) [ID:1] (906, 239, 936, 285)
  wrapper (0.96) [ID:2] (718, 295, 893, 474)
  yellow_mustard_sauce (0.90) [ID:3] (875, 214, 903, 303)
  hand (0.87) [ID:34] (262, 497, 291, 545)
  hand (0.86) [ID:40] (153, 279, 194, 322)
Frame 284:
  ketchup_sauce (0.93) [ID:1] (906, 239, 936, 285)
  wrapper (0.96) [ID:2] (718, 295, 893, 474)
  yellow_mustard_sauce (0.90) [ID:3] (875, 214, 903, 303)
  hand (0.84) [ID:34] (262, 496, 297, 540)
  hand (0.86) [ID:40] (153, 280, 194, 322)
Frame 285:
  ketchup_sauce (0.93) [ID:1] (906, 239, 936, 285)
  wrapper (0.96) [ID:2] (718, 295, 893, 474)
  yellow_mustard_sauce (0.90) [ID:3] (875, 214, 903, 303)
  hand (0.87) [ID:34] (262, 496, 298, 545)
  hand (0.86) [ID:40] (153, 280, 194, 322)
Frame 286:
  ketchup_sauce (0.93) [ID:1] (906, 239, 936, 285)
  wrapper (0.96) [ID:2] (718, 295, 893, 474)
  yellow_mustard_sauce (0.90) [ID:3] (875, 214, 903, 303)
  hand (0.71) [ID:34] (264, 497, 299, 545)
  hand (0.86) [ID:40] (153, 280, 194, 322)
Frame 287:
  ketchup_sauce (0.93) [ID:1] (906, 239, 936, 284)
  wrapper (0.96) [ID:2] (718, 295, 893, 474)
  yellow_mustard_sauce (0.90) [ID:3] (875, 214, 903, 303)
  hand (0.79) [ID:34] (263, 491, 304, 538)
  hand (0.85) [ID:40] (153, 281, 194, 322)
Frame 288:
  ketchup_sauce (0.93) [ID:1] (906, 239, 936, 284)
  wrapper (0.96) [ID:2] (718, 295, 893, 474)
  yellow_mustard_sauce (0.90) [ID:3] (875, 214, 903, 303)
  hand (0.89) [ID:34] (268, 481, 308, 535)
  hand (0.85) [ID:40] (152, 280, 192, 322)
Frame 289:
  ketchup_sauce (0.93) [ID:1] (906, 239, 936, 284)
  wrapper (0.96) [ID:2] (718, 295, 893, 474)
  yellow_mustard_sauce (0.90) [ID:3] (875, 214, 903, 303)
  hand (0.89) [ID:34] (276, 471, 312, 526)
  hand (0.82) [ID:40] (149, 280, 189, 321)
Frame 290:
  ketchup_sauce (0.93) [ID:1] (906, 239, 936, 284)
  wrapper (0.96) [ID:2] (718, 295, 893, 474)
  yellow_mustard_sauce (0.90) [ID:3] (875, 214, 903, 303)
  hand (0.89) [ID:34] (278, 465, 313, 522)
  hand (0.84) [ID:40] (147, 279, 185, 321)
Frame 291:
  ketchup_sauce (0.93) [ID:1] (906, 239, 936, 284)
  wrapper (0.96) [ID:2] (718, 295, 893, 474)
  yellow_mustard_sauce (0.90) [ID:3] (875, 214, 903, 303)
  hand (0.89) [ID:34] (273, 460, 312, 513)
  hand (0.82) [ID:40] (144, 280, 180, 320)
Frame 292:
  ketchup_sauce (0.93) [ID:1] (906, 239, 936, 284)
  wrapper (0.96) [ID:2] (718, 295, 893, 474)
  yellow_mustard_sauce (0.90) [ID:3] (875, 214, 903, 303)
  hand (0.90) [ID:34] (263, 454, 308, 510)
  hand (0.83) [ID:40] (141, 279, 174, 320)
Frame 293:
  ketchup_sauce (0.93) [ID:1] (906, 239, 936, 284)
  wrapper (0.96) [ID:2] (718, 295, 893, 474)
  yellow_mustard_sauce (0.90) [ID:3] (875, 214, 903, 303)
  hand (0.88) [ID:34] (255, 446, 302, 504)
  hand (0.78) [ID:40] (135, 282, 169, 321)
Frame 294:
  ketchup_sauce (0.93) [ID:1] (906, 239, 936, 284)
  wrapper (0.96) [ID:2] (718, 295, 893, 474)
  yellow_mustard_sauce (0.90) [ID:3] (875, 214, 903, 303)
  hand (0.89) [ID:34] (246, 442, 295, 498)
  hand (0.83) [ID:40] (127, 283, 162, 323)
Frame 295:
  ketchup_sauce (0.93) [ID:1] (906, 239, 936, 284)
  wrapper (0.96) [ID:2] (718, 295, 893, 474)
  yellow_mustard_sauce (0.91) [ID:3] (875, 214, 903, 303)
  hand (0.85) [ID:34] (234, 439, 283, 491)
  hand (0.79) [ID:40] (121, 283, 157, 322)
Frame 296:
  ketchup_sauce (0.93) [ID:1] (906, 239, 936, 284)
  wrapper (0.96) [ID:2] (718, 295, 893, 474)
  yellow_mustard_sauce (0.91) [ID:3] (875, 214, 903, 303)
  hand (0.81) [ID:34] (220, 433, 269, 482)
  hand (0.79) [ID:40] (118, 283, 147, 314)
Frame 297:
  ketchup_sauce (0.93) [ID:1] (906, 239, 936, 284)
  wrapper (0.96) [ID:2] (718, 295, 893, 474)
  yellow_mustard_sauce (0.91) [ID:3] (875, 214, 903, 303)
  hand (0.67) [ID:34] (208, 431, 255, 475)
  hand (0.78) [ID:40] (115, 283, 146, 320)
Frame 298:
  ketchup_sauce (0.93) [ID:1] (906, 239, 936, 284)
  wrapper (0.96) [ID:2] (718, 295, 893, 474)
  yellow_mustard_sauce (0.91) [ID:3] (875, 214, 903, 303)
  hand (0.73) [ID:34] (195, 422, 244, 466)
  hand (0.77) [ID:40] (113, 284, 147, 324)
Frame 299:
  ketchup_sauce (0.93) [ID:1] (906, 239, 936, 284)
  wrapper (0.96) [ID:2] (718, 295, 893, 474)
  yellow_mustard_sauce (0.91) [ID:3] (875, 214, 903, 303)
  hand (0.71) [ID:34] (178, 407, 225, 455)
  hand (0.74) [ID:40] (120, 287, 148, 330)
Frame 300:
  ketchup_sauce (0.93) [ID:1] (906, 239, 936, 284)
  wrapper (0.96) [ID:2] (718, 295, 893, 474)
  yellow_mustard_sauce (0.90) [ID:3] (875, 214, 903, 303)
  hand (0.79) [ID:34] (163, 390, 205, 441)
  hand (0.70) [ID:40] (127, 289, 146, 334)
Frame 301:
  ketchup_sauce (0.93) [ID:1] (906, 239, 936, 284)
  wrapper (0.96) [ID:2] (718, 295, 893, 474)
  yellow_mustard_sauce (0.90) [ID:3] (875, 214, 903, 303)
  hand (0.62) [ID:40] (126, 291, 143, 331)
Frame 302:
  ketchup_sauce (0.93) [ID:1] (906, 239, 936, 284)
  wrapper (0.96) [ID:2] (718, 295, 893, 474)
  yellow_mustard_sauce (0.90) [ID:3] (875, 214, 903, 303)
  hand (0.71) [ID:40] (126, 292, 142, 334)
Frame 303:
  ketchup_sauce (0.93) [ID:1] (906, 239, 936, 284)
  wrapper (0.96) [ID:2] (718, 295, 893, 474)
  yellow_mustard_sauce (0.90) [ID:3] (875, 214, 903, 303)
Frame 304:
  ketchup_sauce (0.93) [ID:1] (906, 239, 936, 284)
  wrapper (0.96) [ID:2] (718, 295, 893, 474)
  yellow_mustard_sauce (0.90) [ID:3] (875, 214, 903, 303)
  hand (0.83) [ID:40] (111, 293, 148, 365)
Frame 305:
  ketchup_sauce (0.93) [ID:1] (906, 239, 936, 284)
  wrapper (0.96) [ID:2] (718, 295, 893, 474)
  yellow_mustard_sauce (0.90) [ID:3] (875, 214, 903, 303)
  hand (0.68) [ID:40] (100, 286, 144, 350)
Frame 306:
  ketchup_sauce (0.92) [ID:1] (906, 239, 936, 284)
  wrapper (0.96) [ID:2] (718, 295, 893, 474)
  yellow_mustard_sauce (0.90) [ID:3] (875, 214, 903, 303)
Frame 307:
  ketchup_sauce (0.92) [ID:1] (906, 239, 936, 284)
  wrapper (0.96) [ID:2] (718, 295, 893, 474)
  yellow_mustard_sauce (0.90) [ID:3] (875, 214, 903, 303)
  hand (0.85) [ID:45] (87, 259, 117, 304)
Frame 308:
  ketchup_sauce (0.92) [ID:1] (906, 239, 936, 284)
  wrapper (0.96) [ID:2] (718, 295, 893, 474)
  yellow_mustard_sauce (0.90) [ID:3] (875, 214, 903, 303)
  hand (0.79) [ID:45] (89, 254, 110, 285)
Frame 309:
  ketchup_sauce (0.93) [ID:1] (906, 239, 936, 284)
  wrapper (0.96) [ID:2] (718, 295, 893, 474)
  yellow_mustard_sauce (0.90) [ID:3] (875, 214, 903, 303)
Frame 310:
  ketchup_sauce (0.93) [ID:1] (906, 239, 936, 285)
  wrapper (0.96) [ID:2] (718, 295, 893, 474)
  yellow_mustard_sauce (0.90) [ID:3] (875, 214, 903, 303)
Frame 311:
  ketchup_sauce (0.93) [ID:1] (906, 239, 936, 284)
  wrapper (0.96) [ID:2] (718, 295, 893, 474)
  yellow_mustard_sauce (0.90) [ID:3] (875, 214, 903, 303)
Frame 312:
  ketchup_sauce (0.93) [ID:1] (906, 239, 936, 284)
  wrapper (0.96) [ID:2] (718, 295, 893, 474)
  yellow_mustard_sauce (0.90) [ID:3] (875, 214, 903, 303)
Frame 313:
  ketchup_sauce (0.93) [ID:1] (906, 239, 936, 284)
  wrapper (0.96) [ID:2] (718, 295, 893, 474)
  yellow_mustard_sauce (0.90) [ID:3] (875, 214, 903, 303)
Frame 314:
  ketchup_sauce (0.93) [ID:1] (906, 239, 936, 284)
  wrapper (0.96) [ID:2] (718, 295, 893, 474)
  yellow_mustard_sauce (0.90) [ID:3] (875, 214, 903, 303)
Frame 315:
  ketchup_sauce (0.93) [ID:1] (906, 239, 936, 284)
  wrapper (0.96) [ID:2] (718, 295, 893, 474)
  yellow_mustard_sauce (0.90) [ID:3] (875, 214, 903, 303)
Frame 316:
  ketchup_sauce (0.93) [ID:1] (906, 239, 936, 284)
  wrapper (0.96) [ID:2] (718, 295, 893, 474)
  yellow_mustard_sauce (0.90) [ID:3] (875, 214, 903, 303)
Frame 317:
  ketchup_sauce (0.93) [ID:1] (906, 239, 936, 284)
  wrapper (0.96) [ID:2] (718, 295, 893, 474)
  yellow_mustard_sauce (0.91) [ID:3] (875, 214, 903, 303)
Frame 318:
  ketchup_sauce (0.93) [ID:1] (906, 239, 936, 284)
  wrapper (0.96) [ID:2] (718, 295, 893, 474)
  yellow_mustard_sauce (0.91) [ID:3] (875, 214, 903, 303)
Frame 319:
  ketchup_sauce (0.93) [ID:1] (906, 239, 936, 284)
  wrapper (0.96) [ID:2] (718, 295, 893, 474)
  yellow_mustard_sauce (0.91) [ID:3] (875, 214, 903, 303)
Frame 320:
  ketchup_sauce (0.93) [ID:1] (906, 239, 936, 284)
  wrapper (0.96) [ID:2] (718, 295, 893, 474)
  yellow_mustard_sauce (0.91) [ID:3] (875, 214, 903, 303)
Frame 321:
  ketchup_sauce (0.93) [ID:1] (906, 239, 936, 284)
  wrapper (0.96) [ID:2] (718, 295, 893, 474)
  yellow_mustard_sauce (0.91) [ID:3] (875, 214, 903, 303)
Frame 322:
  ketchup_sauce (0.93) [ID:1] (906, 239, 936, 284)
  wrapper (0.96) [ID:2] (718, 295, 893, 474)
  yellow_mustard_sauce (0.91) [ID:3] (875, 214, 903, 303)
Frame 323:
  ketchup_sauce (0.93) [ID:1] (906, 239, 936, 284)
  wrapper (0.96) [ID:2] (718, 295, 893, 474)
  yellow_mustard_sauce (0.91) [ID:3] (875, 214, 903, 303)
Frame 324:
  ketchup_sauce (0.93) [ID:1] (906, 239, 936, 284)
  wrapper (0.96) [ID:2] (718, 295, 893, 474)
  yellow_mustard_sauce (0.91) [ID:3] (875, 214, 903, 303)
Frame 325:
  ketchup_sauce (0.93) [ID:1] (906, 239, 936, 284)
  wrapper (0.96) [ID:2] (718, 295, 893, 474)
  yellow_mustard_sauce (0.91) [ID:3] (875, 214, 903, 303)
Frame 326:
  ketchup_sauce (0.93) [ID:1] (906, 239, 936, 284)
  wrapper (0.96) [ID:2] (718, 295, 893, 474)
  yellow_mustard_sauce (0.91) [ID:3] (875, 214, 903, 303)
Frame 327:
  ketchup_sauce (0.93) [ID:1] (906, 239, 936, 284)
  wrapper (0.96) [ID:2] (718, 295, 893, 474)
  yellow_mustard_sauce (0.91) [ID:3] (875, 214, 903, 303)
Frame 328:
  ketchup_sauce (0.93) [ID:1] (906, 239, 936, 285)
  wrapper (0.96) [ID:2] (718, 295, 893, 474)
  yellow_mustard_sauce (0.90) [ID:3] (875, 214, 903, 303)
Frame 329:
  ketchup_sauce (0.93) [ID:1] (906, 239, 936, 284)
  wrapper (0.96) [ID:2] (718, 295, 893, 474)
  yellow_mustard_sauce (0.90) [ID:3] (875, 214, 903, 303)
Frame 330:
  ketchup_sauce (0.93) [ID:1] (906, 239, 936, 284)
  wrapper (0.96) [ID:2] (718, 295, 893, 474)
  yellow_mustard_sauce (0.90) [ID:3] (875, 214, 903, 303)
Frame 331:
  ketchup_sauce (0.93) [ID:1] (906, 239, 936, 284)
  wrapper (0.96) [ID:2] (718, 295, 893, 474)
  yellow_mustard_sauce (0.90) [ID:3] (875, 214, 903, 303)
  hand (0.51) [ID:47] (105, 261, 146, 302)
Frame 332:
  ketchup_sauce (0.93) [ID:1] (906, 239, 936, 284)
  wrapper (0.96) [ID:2] (718, 295, 893, 474)
  yellow_mustard_sauce (0.90) [ID:3] (875, 214, 903, 303)
  hand (0.56) [ID:47] (105, 261, 146, 303)
Frame 333:
  ketchup_sauce (0.93) [ID:1] (906, 239, 936, 284)
  wrapper (0.96) [ID:2] (718, 295, 893, 474)
  yellow_mustard_sauce (0.90) [ID:3] (875, 214, 903, 303)
Frame 334:
  ketchup_sauce (0.93) [ID:1] (906, 239, 936, 285)
  wrapper (0.96) [ID:2] (718, 295, 893, 474)
  yellow_mustard_sauce (0.90) [ID:3] (875, 214, 903, 303)
Frame 335:
  ketchup_sauce (0.93) [ID:1] (906, 239, 936, 284)
  wrapper (0.96) [ID:2] (718, 295, 893, 474)
  yellow_mustard_sauce (0.90) [ID:3] (875, 214, 903, 303)
Frame 336:
  ketchup_sauce (0.93) [ID:1] (906, 239, 936, 284)
  wrapper (0.96) [ID:2] (718, 295, 893, 474)
  yellow_mustard_sauce (0.90) [ID:3] (875, 214, 903, 303)
Frame 337:
  ketchup_sauce (0.93) [ID:1] (906, 239, 936, 284)
  wrapper (0.96) [ID:2] (718, 295, 893, 474)
  yellow_mustard_sauce (0.90) [ID:3] (875, 214, 903, 303)
Frame 338:
  ketchup_sauce (0.93) [ID:1] (906, 239, 936, 284)
  wrapper (0.96) [ID:2] (718, 295, 893, 474)
  yellow_mustard_sauce (0.90) [ID:3] (875, 214, 903, 303)
  hand (0.85) [ID:48] (87, 259, 117, 309)
Frame 339:
  ketchup_sauce (0.93) [ID:1] (906, 239, 936, 284)
  wrapper (0.96) [ID:2] (718, 295, 893, 474)
  yellow_mustard_sauce (0.90) [ID:3] (875, 214, 903, 303)
  hand (0.76) [ID:48] (84, 267, 117, 325)
Frame 340:
  ketchup_sauce (0.93) [ID:1] (906, 239, 936, 284)
  wrapper (0.96) [ID:2] (718, 295, 893, 474)
  yellow_mustard_sauce (0.90) [ID:3] (875, 214, 903, 303)
  hand (0.86) [ID:48] (82, 274, 116, 335)
Frame 341:
  ketchup_sauce (0.93) [ID:1] (906, 239, 936, 285)
  wrapper (0.96) [ID:2] (718, 295, 893, 474)
  yellow_mustard_sauce (0.90) [ID:3] (875, 214, 903, 303)
  hand (0.80) [ID:48] (83, 283, 112, 338)
Frame 342:
  ketchup_sauce (0.93) [ID:1] (906, 239, 936, 284)
  wrapper (0.96) [ID:2] (718, 295, 893, 474)
  yellow_mustard_sauce (0.90) [ID:3] (875, 214, 903, 303)
  hand (0.81) [ID:48] (82, 287, 112, 337)
Frame 343:
  ketchup_sauce (0.93) [ID:1] (906, 239, 936, 284)
  wrapper (0.96) [ID:2] (718, 295, 893, 474)
  yellow_mustard_sauce (0.90) [ID:3] (875, 214, 903, 303)
  hand (0.70) [ID:48] (82, 284, 115, 337)
Frame 344:
  ketchup_sauce (0.93) [ID:1] (906, 239, 936, 284)
  wrapper (0.96) [ID:2] (718, 295, 893, 474)
  yellow_mustard_sauce (0.90) [ID:3] (875, 214, 903, 303)
  hand (0.72) [ID:48] (82, 279, 117, 342)
Frame 345:
  ketchup_sauce (0.93) [ID:1] (906, 239, 936, 284)
  wrapper (0.96) [ID:2] (718, 295, 893, 474)
  yellow_mustard_sauce (0.90) [ID:3] (875, 214, 903, 303)
  hand (0.59) [ID:48] (82, 269, 117, 342)
Frame 346:
  ketchup_sauce (0.93) [ID:1] (906, 239, 936, 285)
  wrapper (0.96) [ID:2] (718, 295, 893, 474)
  yellow_mustard_sauce (0.90) [ID:3] (875, 214, 903, 303)
Frame 347:
  ketchup_sauce (0.93) [ID:1] (906, 239, 936, 284)
  wrapper (0.96) [ID:2] (718, 295, 893, 474)
  yellow_mustard_sauce (0.90) [ID:3] (875, 214, 903, 303)
  hand (0.79) [ID:50] (87, 255, 111, 300)
Frame 348:
  ketchup_sauce (0.93) [ID:1] (906, 239, 936, 285)
  wrapper (0.96) [ID:2] (718, 295, 893, 474)
  yellow_mustard_sauce (0.90) [ID:3] (875, 214, 903, 303)
Frame 349:
  ketchup_sauce (0.93) [ID:1] (906, 239, 936, 285)
  wrapper (0.96) [ID:2] (718, 295, 893, 474)
  yellow_mustard_sauce (0.90) [ID:3] (875, 214, 903, 303)
Frame 350:
  ketchup_sauce (0.93) [ID:1] (906, 239, 936, 284)
  wrapper (0.96) [ID:2] (718, 295, 893, 474)
  yellow_mustard_sauce (0.90) [ID:3] (875, 214, 903, 303)
Frame 351:
  ketchup_sauce (0.93) [ID:1] (906, 239, 936, 285)
  wrapper (0.96) [ID:2] (718, 295, 893, 474)
  yellow_mustard_sauce (0.90) [ID:3] (875, 214, 903, 303)
Frame 352:
  ketchup_sauce (0.93) [ID:1] (906, 239, 936, 285)
  wrapper (0.96) [ID:2] (718, 295, 893, 474)
  yellow_mustard_sauce (0.90) [ID:3] (875, 214, 903, 303)
Frame 353:
  ketchup_sauce (0.93) [ID:1] (906, 239, 936, 285)
  wrapper (0.96) [ID:2] (718, 295, 893, 474)
  yellow_mustard_sauce (0.90) [ID:3] (875, 214, 903, 303)
Frame 354:
  ketchup_sauce (0.93) [ID:1] (906, 239, 936, 285)
  wrapper (0.96) [ID:2] (718, 295, 893, 474)
  yellow_mustard_sauce (0.90) [ID:3] (875, 214, 903, 303)
Frame 355:
  ketchup_sauce (0.93) [ID:1] (906, 239, 936, 285)
  wrapper (0.96) [ID:2] (718, 295, 893, 474)
  yellow_mustard_sauce (0.90) [ID:3] (875, 214, 903, 303)
Frame 356:
  ketchup_sauce (0.93) [ID:1] (906, 239, 936, 285)
  wrapper (0.96) [ID:2] (718, 295, 893, 474)
  yellow_mustard_sauce (0.90) [ID:3] (875, 214, 903, 303)
Frame 357:
  ketchup_sauce (0.93) [ID:1] (906, 239, 936, 285)
  wrapper (0.96) [ID:2] (718, 295, 893, 474)
  yellow_mustard_sauce (0.90) [ID:3] (875, 214, 903, 303)
Frame 358:
  ketchup_sauce (0.93) [ID:1] (906, 239, 936, 285)
  wrapper (0.96) [ID:2] (718, 295, 893, 474)
  yellow_mustard_sauce (0.90) [ID:3] (875, 214, 903, 303)
Frame 359:
  ketchup_sauce (0.93) [ID:1] (906, 239, 936, 285)
  wrapper (0.96) [ID:2] (718, 295, 893, 474)
  yellow_mustard_sauce (0.90) [ID:3] (875, 214, 903, 303)
Frame 360:
  ketchup_sauce (0.93) [ID:1] (906, 239, 936, 284)
  wrapper (0.96) [ID:2] (718, 295, 893, 474)
  yellow_mustard_sauce (0.91) [ID:3] (875, 214, 903, 303)
Frame 361:
  ketchup_sauce (0.93) [ID:1] (906, 239, 936, 284)
  wrapper (0.96) [ID:2] (718, 295, 893, 474)
  yellow_mustard_sauce (0.91) [ID:3] (875, 214, 903, 303)
Frame 362:
  ketchup_sauce (0.93) [ID:1] (906, 239, 936, 284)
  wrapper (0.96) [ID:2] (718, 295, 893, 474)
  yellow_mustard_sauce (0.91) [ID:3] (875, 214, 903, 303)
Frame 363:
  ketchup_sauce (0.93) [ID:1] (906, 239, 936, 284)
  wrapper (0.96) [ID:2] (718, 295, 893, 474)
  yellow_mustard_sauce (0.91) [ID:3] (875, 214, 903, 303)
Frame 364:
  ketchup_sauce (0.93) [ID:1] (906, 239, 936, 284)
  wrapper (0.96) [ID:2] (718, 295, 893, 474)
  yellow_mustard_sauce (0.91) [ID:3] (875, 214, 903, 303)
  hand (0.68) [ID:50] (88, 255, 114, 297)
Frame 365:
  ketchup_sauce (0.93) [ID:1] (906, 239, 936, 284)
  wrapper (0.96) [ID:2] (718, 295, 893, 474)
  yellow_mustard_sauce (0.91) [ID:3] (875, 214, 903, 303)
  hand (0.82) [ID:50] (88, 256, 112, 300)
Frame 366:
  ketchup_sauce (0.93) [ID:1] (906, 239, 936, 284)
  wrapper (0.96) [ID:2] (718, 295, 893, 474)
  yellow_mustard_sauce (0.91) [ID:3] (875, 214, 903, 303)
  hand (0.83) [ID:50] (88, 256, 113, 298)
Frame 367:
  ketchup_sauce (0.93) [ID:1] (906, 239, 936, 284)
  wrapper (0.96) [ID:2] (718, 295, 893, 474)
  yellow_mustard_sauce (0.91) [ID:3] (875, 214, 903, 303)
  hand (0.82) [ID:50] (89, 256, 115, 298)
Frame 368:
  ketchup_sauce (0.93) [ID:1] (906, 239, 936, 285)
  wrapper (0.96) [ID:2] (718, 295, 893, 474)
  yellow_mustard_sauce (0.91) [ID:3] (875, 214, 903, 303)
  hand (0.81) [ID:50] (90, 255, 117, 292)
Frame 369:
  ketchup_sauce (0.93) [ID:1] (906, 239, 936, 284)
  wrapper (0.96) [ID:2] (718, 295, 893, 474)
  yellow_mustard_sauce (0.91) [ID:3] (875, 214, 903, 303)
  hand (0.77) [ID:50] (91, 256, 119, 293)
Frame 370:
  ketchup_sauce (0.93) [ID:1] (906, 239, 936, 284)
  wrapper (0.96) [ID:2] (718, 295, 893, 474)
  yellow_mustard_sauce (0.91) [ID:3] (875, 214, 903, 303)
  hand (0.55) [ID:50] (93, 256, 117, 286)
Frame 371:
  ketchup_sauce (0.93) [ID:1] (906, 239, 936, 284)
  wrapper (0.96) [ID:2] (718, 295, 893, 474)
  yellow_mustard_sauce (0.91) [ID:3] (875, 214, 903, 303)
  hand (0.63) [ID:50] (95, 257, 124, 295)
Frame 372:
  ketchup_sauce (0.93) [ID:1] (906, 239, 936, 284)
  wrapper (0.96) [ID:2] (718, 295, 893, 474)
  yellow_mustard_sauce (0.91) [ID:3] (875, 214, 903, 303)
  hand (0.69) [ID:50] (98, 258, 128, 294)
Frame 373:
  ketchup_sauce (0.93) [ID:1] (906, 239, 936, 284)
  wrapper (0.96) [ID:2] (718, 295, 893, 474)
  yellow_mustard_sauce (0.91) [ID:3] (875, 214, 903, 303)
  hand (0.58) [ID:50] (100, 259, 130, 288)
Frame 374:
  ketchup_sauce (0.93) [ID:1] (906, 239, 936, 284)
  wrapper (0.96) [ID:2] (718, 295, 893, 474)
  yellow_mustard_sauce (0.91) [ID:3] (875, 214, 903, 303)
  hand (0.56) [ID:50] (101, 260, 133, 285)
Frame 375:
  ketchup_sauce (0.93) [ID:1] (906, 239, 936, 284)
  wrapper (0.96) [ID:2] (718, 295, 893, 474)
  yellow_mustard_sauce (0.91) [ID:3] (875, 214, 903, 303)
Frame 376:
  ketchup_sauce (0.93) [ID:1] (906, 239, 936, 284)
  wrapper (0.96) [ID:2] (718, 295, 893, 474)
  yellow_mustard_sauce (0.91) [ID:3] (875, 214, 903, 303)
Frame 377:
  ketchup_sauce (0.93) [ID:1] (906, 239, 936, 284)
  wrapper (0.96) [ID:2] (718, 295, 893, 474)
  yellow_mustard_sauce (0.91) [ID:3] (875, 214, 903, 303)
Frame 378:
  ketchup_sauce (0.93) [ID:1] (906, 239, 936, 284)
  wrapper (0.96) [ID:2] (718, 295, 893, 474)
  yellow_mustard_sauce (0.91) [ID:3] (875, 214, 903, 303)
Frame 379:
  ketchup_sauce (0.93) [ID:1] (906, 239, 936, 284)
  wrapper (0.96) [ID:2] (718, 295, 893, 474)
  yellow_mustard_sauce (0.91) [ID:3] (875, 214, 903, 303)
Frame 380:
  ketchup_sauce (0.93) [ID:1] (906, 239, 936, 284)
  wrapper (0.96) [ID:2] (718, 295, 893, 474)
  yellow_mustard_sauce (0.91) [ID:3] (875, 214, 903, 303)
Frame 381:
  ketchup_sauce (0.93) [ID:1] (906, 239, 936, 284)
  wrapper (0.96) [ID:2] (718, 295, 893, 474)
  yellow_mustard_sauce (0.91) [ID:3] (875, 214, 903, 303)
Frame 382:
  ketchup_sauce (0.93) [ID:1] (906, 239, 936, 284)
  wrapper (0.96) [ID:2] (718, 295, 893, 474)
  yellow_mustard_sauce (0.91) [ID:3] (875, 214, 903, 303)
Frame 383:
  ketchup_sauce (0.93) [ID:1] (906, 239, 936, 284)
  wrapper (0.96) [ID:2] (718, 295, 893, 474)
  yellow_mustard_sauce (0.91) [ID:3] (875, 214, 903, 303)
Frame 384:
  ketchup_sauce (0.93) [ID:1] (906, 239, 936, 284)
  wrapper (0.96) [ID:2] (718, 295, 893, 474)
  yellow_mustard_sauce (0.91) [ID:3] (875, 214, 903, 303)
  hand (0.59) [ID:50] (102, 260, 145, 291)
Frame 385:
  ketchup_sauce (0.93) [ID:1] (906, 239, 936, 284)
  wrapper (0.96) [ID:2] (718, 295, 893, 474)
  yellow_mustard_sauce (0.91) [ID:3] (875, 214, 903, 303)
Frame 386:
  ketchup_sauce (0.93) [ID:1] (906, 239, 936, 284)
  wrapper (0.96) [ID:2] (718, 295, 893, 474)
  yellow_mustard_sauce (0.91) [ID:3] (875, 214, 903, 303)
Frame 387:
  ketchup_sauce (0.93) [ID:1] (906, 239, 936, 284)
  wrapper (0.96) [ID:2] (718, 295, 893, 474)
  yellow_mustard_sauce (0.91) [ID:3] (875, 214, 903, 303)
  hand (0.84) [ID:54] (87, 258, 119, 311)
Frame 388:
  ketchup_sauce (0.93) [ID:1] (906, 239, 936, 284)
  wrapper (0.96) [ID:2] (718, 295, 893, 474)
  yellow_mustard_sauce (0.91) [ID:3] (875, 214, 903, 303)
  hand (0.59) [ID:54] (86, 260, 123, 329)
Frame 389:
  ketchup_sauce (0.93) [ID:1] (906, 239, 936, 284)
  wrapper (0.96) [ID:2] (718, 295, 893, 474)
  yellow_mustard_sauce (0.91) [ID:3] (875, 214, 903, 303)
  hand (0.57) [ID:54] (93, 274, 127, 345)
Frame 390:
  ketchup_sauce (0.93) [ID:1] (906, 239, 936, 284)
  wrapper (0.96) [ID:2] (718, 295, 893, 474)
  yellow_mustard_sauce (0.91) [ID:3] (875, 214, 903, 303)
Frame 391:
  ketchup_sauce (0.93) [ID:1] (906, 239, 936, 284)
  wrapper (0.96) [ID:2] (718, 295, 893, 474)
  yellow_mustard_sauce (0.91) [ID:3] (875, 214, 903, 303)
Frame 392:
  ketchup_sauce (0.93) [ID:1] (906, 239, 936, 284)
  wrapper (0.96) [ID:2] (718, 295, 893, 474)
  yellow_mustard_sauce (0.91) [ID:3] (875, 214, 903, 303)
Frame 393:
  ketchup_sauce (0.93) [ID:1] (906, 239, 936, 284)
  wrapper (0.96) [ID:2] (718, 295, 893, 474)
  yellow_mustard_sauce (0.91) [ID:3] (875, 214, 903, 303)
Frame 394:
  ketchup_sauce (0.93) [ID:1] (906, 239, 936, 284)
  wrapper (0.96) [ID:2] (718, 295, 893, 474)
  yellow_mustard_sauce (0.91) [ID:3] (875, 214, 903, 303)
Frame 395:
  ketchup_sauce (0.93) [ID:1] (906, 239, 936, 284)
  wrapper (0.96) [ID:2] (718, 295, 893, 474)
  yellow_mustard_sauce (0.91) [ID:3] (875, 214, 903, 303)
Frame 396:
  ketchup_sauce (0.93) [ID:1] (906, 239, 936, 284)
  wrapper (0.96) [ID:2] (718, 295, 893, 474)
  yellow_mustard_sauce (0.90) [ID:3] (875, 214, 903, 303)
  hand (0.66) [ID:60] (147, 298, 193, 348)
Frame 397:
  ketchup_sauce (0.93) [ID:1] (906, 239, 936, 284)
  wrapper (0.96) [ID:2] (718, 295, 893, 474)
  yellow_mustard_sauce (0.90) [ID:3] (875, 214, 903, 303)
  hand (0.65) [ID:60] (154, 300, 195, 350)
Frame 398:
  ketchup_sauce (0.93) [ID:1] (906, 239, 936, 284)
  wrapper (0.96) [ID:2] (718, 295, 893, 474)
  yellow_mustard_sauce (0.90) [ID:3] (875, 214, 903, 303)
  hand (0.75) [ID:60] (157, 300, 192, 353)
  hand (0.86) [ID:64] (235, 385, 257, 427)
Frame 399:
  ketchup_sauce (0.93) [ID:1] (906, 239, 936, 284)
  wrapper (0.96) [ID:2] (718, 295, 893, 474)
  yellow_mustard_sauce (0.90) [ID:3] (875, 214, 903, 303)
  hand (0.70) [ID:60] (163, 302, 197, 360)
  hand (0.83) [ID:64] (245, 391, 270, 427)
Frame 400:
  ketchup_sauce (0.93) [ID:1] (906, 239, 936, 284)
  wrapper (0.96) [ID:2] (718, 295, 893, 474)
  yellow_mustard_sauce (0.90) [ID:3] (875, 214, 903, 303)
  hand (0.81) [ID:64] (254, 392, 279, 434)
Frame 401:
  ketchup_sauce (0.93) [ID:1] (906, 239, 936, 284)
  wrapper (0.96) [ID:2] (718, 295, 893, 474)
  yellow_mustard_sauce (0.90) [ID:3] (875, 214, 903, 303)
  hand (0.84) [ID:64] (258, 398, 287, 441)
Frame 402:
  ketchup_sauce (0.93) [ID:1] (906, 239, 936, 284)
  wrapper (0.96) [ID:2] (718, 295, 893, 474)
  yellow_mustard_sauce (0.90) [ID:3] (875, 214, 903, 303)
  hand (0.83) [ID:64] (261, 408, 290, 444)
  hand (0.61) [ID:68] (176, 350, 200, 380)
Frame 403:
  ketchup_sauce (0.93) [ID:1] (906, 239, 936, 284)
  wrapper (0.96) [ID:2] (718, 295, 893, 474)
  yellow_mustard_sauce (0.91) [ID:3] (875, 214, 903, 303)
  hand (0.58) [ID:60] (183, 319, 214, 378)
  hand (0.84) [ID:64] (260, 409, 290, 453)
  hand (0.66) [ID:68] (181, 357, 204, 387)
Frame 404:
  ketchup_sauce (0.93) [ID:1] (906, 239, 936, 284)
  wrapper (0.96) [ID:2] (718, 295, 893, 474)
  yellow_mustard_sauce (0.91) [ID:3] (875, 214, 903, 303)
  hand (0.84) [ID:64] (259, 410, 287, 455)
Frame 405:
  ketchup_sauce (0.93) [ID:1] (906, 239, 936, 284)
  wrapper (0.96) [ID:2] (718, 295, 893, 474)
  yellow_mustard_sauce (0.91) [ID:3] (875, 214, 903, 303)
  hand (0.85) [ID:64] (257, 406, 285, 455)
Frame 406:
  ketchup_sauce (0.93) [ID:1] (906, 239, 936, 284)
  wrapper (0.96) [ID:2] (718, 295, 893, 474)
  yellow_mustard_sauce (0.91) [ID:3] (875, 214, 903, 303)
  hand (0.86) [ID:64] (253, 399, 283, 456)
Frame 407:
  ketchup_sauce (0.93) [ID:1] (906, 239, 936, 284)
  wrapper (0.96) [ID:2] (718, 295, 893, 474)
  yellow_mustard_sauce (0.91) [ID:3] (875, 214, 903, 303)
  hand (0.88) [ID:64] (248, 392, 281, 457)
  hand (0.80) [ID:70] (204, 381, 226, 419)
Frame 408:
  ketchup_sauce (0.93) [ID:1] (906, 239, 936, 284)
  wrapper (0.96) [ID:2] (718, 295, 893, 474)
  yellow_mustard_sauce (0.91) [ID:3] (875, 214, 903, 303)
  hand (0.86) [ID:64] (240, 388, 277, 452)
  hand (0.83) [ID:70] (207, 386, 231, 430)
Frame 409:
  ketchup_sauce (0.93) [ID:1] (906, 239, 936, 284)
  wrapper (0.96) [ID:2] (718, 295, 893, 474)
  yellow_mustard_sauce (0.91) [ID:3] (875, 214, 903, 303)
  hand (0.85) [ID:64] (243, 386, 274, 450)
  hand (0.79) [ID:70] (210, 392, 233, 432)
Frame 410:
  ketchup_sauce (0.93) [ID:1] (906, 239, 936, 284)
  wrapper (0.96) [ID:2] (718, 295, 893, 474)
  yellow_mustard_sauce (0.91) [ID:3] (875, 214, 903, 303)
  hand (0.84) [ID:64] (243, 387, 273, 447)
  hand (0.74) [ID:70] (213, 396, 236, 435)
Frame 411:
  ketchup_sauce (0.93) [ID:1] (906, 239, 936, 284)
  wrapper (0.96) [ID:2] (718, 295, 893, 474)
  yellow_mustard_sauce (0.91) [ID:3] (875, 214, 903, 303)
  hand (0.82) [ID:64] (243, 389, 272, 444)
  hand (0.75) [ID:70] (216, 399, 239, 437)
Frame 412:
  ketchup_sauce (0.93) [ID:1] (906, 239, 936, 284)
  wrapper (0.96) [ID:2] (718, 295, 893, 474)
  yellow_mustard_sauce (0.91) [ID:3] (875, 214, 903, 303)
  hand (0.83) [ID:64] (244, 391, 271, 444)
  hand (0.74) [ID:70] (216, 400, 240, 439)
Frame 413:
  ketchup_sauce (0.93) [ID:1] (906, 239, 936, 284)
  wrapper (0.96) [ID:2] (718, 295, 893, 474)
  yellow_mustard_sauce (0.91) [ID:3] (875, 214, 903, 303)
  hand (0.84) [ID:64] (245, 392, 271, 445)
  hand (0.69) [ID:70] (216, 401, 242, 439)
Frame 414:
  ketchup_sauce (0.93) [ID:1] (906, 239, 936, 284)
  wrapper (0.96) [ID:2] (718, 295, 893, 474)
  yellow_mustard_sauce (0.91) [ID:3] (875, 214, 903, 303)
  hand (0.84) [ID:64] (243, 390, 272, 444)
  hand (0.66) [ID:70] (217, 401, 243, 439)
Frame 415:
  ketchup_sauce (0.93) [ID:1] (906, 239, 936, 284)
  wrapper (0.96) [ID:2] (718, 295, 893, 474)
  yellow_mustard_sauce (0.91) [ID:3] (875, 214, 903, 303)
  hand (0.84) [ID:64] (242, 396, 273, 444)
  hand (0.73) [ID:70] (220, 400, 242, 439)
Frame 416:
  ketchup_sauce (0.93) [ID:1] (906, 239, 936, 284)
  wrapper (0.96) [ID:2] (718, 295, 893, 474)
  yellow_mustard_sauce (0.91) [ID:3] (875, 214, 903, 303)
  hand (0.84) [ID:64] (246, 399, 275, 446)
  hand (0.74) [ID:70] (220, 400, 244, 438)
Frame 417:
  ketchup_sauce (0.93) [ID:1] (906, 239, 936, 284)
  wrapper (0.96) [ID:2] (718, 295, 893, 474)
  yellow_mustard_sauce (0.91) [ID:3] (875, 214, 903, 303)
  hand (0.84) [ID:64] (248, 400, 276, 448)
  hand (0.67) [ID:70] (222, 399, 246, 435)
Frame 418:
  ketchup_sauce (0.93) [ID:1] (906, 239, 936, 284)
  wrapper (0.96) [ID:2] (718, 295, 893, 474)
  yellow_mustard_sauce (0.91) [ID:3] (875, 214, 903, 303)
  hand (0.84) [ID:64] (248, 400, 276, 449)
  hand (0.56) [ID:70] (223, 400, 246, 435)
Frame 419:
  ketchup_sauce (0.93) [ID:1] (906, 239, 936, 284)
  wrapper (0.96) [ID:2] (718, 295, 893, 474)
  yellow_mustard_sauce (0.91) [ID:3] (875, 214, 903, 303)
  hand (0.84) [ID:64] (249, 401, 277, 451)
  hand (0.64) [ID:70] (222, 400, 246, 437)
Frame 420:
  ketchup_sauce (0.93) [ID:1] (906, 239, 936, 284)
  wrapper (0.96) [ID:2] (718, 295, 893, 473)
  yellow_mustard_sauce (0.91) [ID:3] (875, 214, 903, 303)
  hand (0.82) [ID:64] (249, 403, 277, 453)
  hand (0.70) [ID:70] (221, 401, 246, 440)
Frame 421:
  ketchup_sauce (0.93) [ID:1] (906, 239, 936, 284)
  wrapper (0.96) [ID:2] (718, 295, 893, 473)
  yellow_mustard_sauce (0.91) [ID:3] (875, 214, 903, 303)
  hand (0.82) [ID:64] (248, 404, 277, 453)
  hand (0.66) [ID:70] (221, 403, 246, 441)
Frame 422:
  ketchup_sauce (0.93) [ID:1] (906, 239, 936, 284)
  wrapper (0.96) [ID:2] (718, 295, 893, 473)
  yellow_mustard_sauce (0.91) [ID:3] (875, 214, 903, 303)
  hand (0.81) [ID:64] (248, 405, 278, 452)
  hand (0.67) [ID:70] (222, 403, 246, 440)
Frame 423:
  ketchup_sauce (0.93) [ID:1] (906, 239, 936, 285)
  wrapper (0.96) [ID:2] (718, 295, 893, 473)
  yellow_mustard_sauce (0.91) [ID:3] (875, 214, 903, 303)
  hand (0.81) [ID:64] (249, 406, 278, 450)
  hand (0.58) [ID:70] (224, 403, 247, 437)
Frame 424:
  ketchup_sauce (0.93) [ID:1] (906, 239, 936, 285)
  wrapper (0.96) [ID:2] (718, 295, 893, 473)
  yellow_mustard_sauce (0.91) [ID:3] (875, 214, 903, 303)
  hand (0.81) [ID:64] (249, 407, 279, 449)
Frame 425:
  ketchup_sauce (0.93) [ID:1] (906, 239, 936, 285)
  wrapper (0.96) [ID:2] (718, 295, 893, 473)
  yellow_mustard_sauce (0.91) [ID:3] (875, 214, 903, 303)
  hand (0.81) [ID:64] (249, 408, 281, 451)
Frame 426:
  ketchup_sauce (0.93) [ID:1] (906, 239, 936, 285)
  wrapper (0.96) [ID:2] (718, 295, 893, 473)
  yellow_mustard_sauce (0.91) [ID:3] (875, 214, 903, 303)
  hand (0.80) [ID:64] (251, 407, 283, 450)
  hand (0.65) [ID:70] (223, 402, 248, 437)
Frame 427:
  ketchup_sauce (0.93) [ID:1] (906, 239, 936, 285)
  wrapper (0.96) [ID:2] (718, 295, 893, 473)
  yellow_mustard_sauce (0.91) [ID:3] (875, 214, 903, 303)
  hand (0.80) [ID:64] (253, 407, 284, 450)
  hand (0.68) [ID:70] (224, 404, 251, 439)
Frame 428:
  ketchup_sauce (0.93) [ID:1] (906, 239, 936, 285)
  wrapper (0.96) [ID:2] (718, 295, 893, 473)
  yellow_mustard_sauce (0.91) [ID:3] (875, 214, 903, 303)
  hand (0.80) [ID:64] (255, 408, 286, 448)
  hand (0.73) [ID:70] (225, 404, 252, 439)
Frame 429:
  ketchup_sauce (0.93) [ID:1] (906, 239, 936, 285)
  wrapper (0.96) [ID:2] (718, 295, 893, 473)
  yellow_mustard_sauce (0.91) [ID:3] (875, 214, 903, 303)
  hand (0.80) [ID:64] (255, 408, 285, 448)
  hand (0.72) [ID:70] (226, 401, 253, 438)
Frame 430:
  ketchup_sauce (0.93) [ID:1] (906, 239, 936, 284)
  wrapper (0.96) [ID:2] (718, 295, 893, 473)
  yellow_mustard_sauce (0.91) [ID:3] (875, 214, 903, 303)
  hand (0.82) [ID:64] (255, 408, 285, 449)
  hand (0.73) [ID:70] (227, 401, 253, 438)
Frame 431:
  ketchup_sauce (0.93) [ID:1] (906, 239, 936, 285)
  wrapper (0.96) [ID:2] (718, 295, 893, 473)
  yellow_mustard_sauce (0.91) [ID:3] (875, 214, 903, 303)
  hand (0.82) [ID:64] (255, 408, 285, 449)
  hand (0.72) [ID:70] (227, 401, 252, 438)
Frame 432:
  ketchup_sauce (0.93) [ID:1] (906, 239, 936, 284)
  wrapper (0.96) [ID:2] (718, 295, 893, 473)
  yellow_mustard_sauce (0.91) [ID:3] (875, 214, 903, 303)
  hand (0.82) [ID:64] (256, 406, 285, 449)
  hand (0.65) [ID:70] (226, 401, 252, 438)
Frame 433:
  ketchup_sauce (0.93) [ID:1] (906, 239, 936, 285)
  wrapper (0.96) [ID:2] (718, 295, 893, 473)
  yellow_mustard_sauce (0.91) [ID:3] (875, 214, 903, 303)
  hand (0.80) [ID:64] (256, 406, 283, 447)
Frame 434:
  ketchup_sauce (0.93) [ID:1] (906, 239, 936, 284)
  wrapper (0.96) [ID:2] (718, 295, 893, 473)
  yellow_mustard_sauce (0.91) [ID:3] (875, 214, 903, 303)
  hand (0.76) [ID:64] (254, 405, 283, 445)
Frame 435:
  ketchup_sauce (0.93) [ID:1] (906, 239, 936, 284)
  wrapper (0.96) [ID:2] (718, 295, 893, 473)
  yellow_mustard_sauce (0.91) [ID:3] (875, 214, 903, 303)
  hand (0.70) [ID:64] (249, 401, 282, 443)
Frame 436:
  ketchup_sauce (0.93) [ID:1] (906, 239, 936, 284)
  wrapper (0.96) [ID:2] (718, 295, 893, 473)
  yellow_mustard_sauce (0.91) [ID:3] (875, 214, 903, 303)
  hand (0.77) [ID:64] (248, 397, 283, 445)
Frame 437:
  ketchup_sauce (0.93) [ID:1] (906, 239, 936, 284)
  wrapper (0.96) [ID:2] (718, 295, 893, 473)
  yellow_mustard_sauce (0.91) [ID:3] (875, 214, 903, 303)
  hand (0.81) [ID:64] (251, 397, 283, 446)
  hand (0.52) [ID:70] (226, 403, 252, 437)
Frame 438:
  ketchup_sauce (0.93) [ID:1] (906, 239, 936, 284)
  wrapper (0.96) [ID:2] (718, 295, 893, 473)
  yellow_mustard_sauce (0.91) [ID:3] (875, 214, 903, 303)
  hand (0.83) [ID:64] (253, 399, 282, 447)
  hand (0.64) [ID:70] (227, 403, 254, 435)
Frame 439:
  ketchup_sauce (0.93) [ID:1] (906, 239, 936, 284)
  wrapper (0.96) [ID:2] (718, 295, 893, 473)
  yellow_mustard_sauce (0.91) [ID:3] (875, 214, 903, 303)
  hand (0.82) [ID:64] (254, 401, 283, 445)
Frame 440:
  ketchup_sauce (0.93) [ID:1] (906, 239, 936, 285)
  wrapper (0.96) [ID:2] (718, 295, 893, 473)
  yellow_mustard_sauce (0.91) [ID:3] (875, 214, 903, 303)
  hand (0.81) [ID:64] (254, 398, 284, 448)
Frame 441:
  ketchup_sauce (0.93) [ID:1] (906, 239, 936, 285)
  wrapper (0.96) [ID:2] (718, 295, 893, 473)
  yellow_mustard_sauce (0.91) [ID:3] (875, 214, 903, 303)
  hand (0.80) [ID:64] (254, 397, 284, 452)
  hand (0.62) [ID:74] (236, 385, 260, 420)
Frame 442:
  ketchup_sauce (0.93) [ID:1] (906, 239, 936, 285)
  wrapper (0.96) [ID:2] (718, 295, 893, 473)
  yellow_mustard_sauce (0.91) [ID:3] (875, 214, 903, 303)
  hand (0.83) [ID:64] (252, 391, 284, 450)
  hand (0.74) [ID:74] (231, 383, 259, 425)
Frame 443:
  ketchup_sauce (0.93) [ID:1] (906, 239, 936, 285)
  wrapper (0.96) [ID:2] (718, 295, 893, 473)
  yellow_mustard_sauce (0.91) [ID:3] (875, 214, 903, 303)
  hand (0.84) [ID:64] (251, 389, 283, 449)
  hand (0.80) [ID:74] (227, 383, 259, 425)
Frame 444:
  ketchup_sauce (0.93) [ID:1] (906, 239, 936, 285)
  wrapper (0.96) [ID:2] (718, 295, 893, 473)
  yellow_mustard_sauce (0.91) [ID:3] (875, 214, 903, 303)
  hand (0.84) [ID:64] (251, 388, 283, 449)
  hand (0.81) [ID:74] (230, 383, 260, 423)
Frame 445:
  ketchup_sauce (0.93) [ID:1] (906, 239, 936, 285)
  wrapper (0.96) [ID:2] (718, 295, 893, 473)
  yellow_mustard_sauce (0.91) [ID:3] (875, 214, 903, 303)
  hand (0.84) [ID:64] (250, 389, 282, 449)
  hand (0.83) [ID:74] (231, 384, 262, 424)
Frame 446:
  ketchup_sauce (0.93) [ID:1] (906, 239, 936, 285)
  wrapper (0.96) [ID:2] (718, 295, 893, 473)
  yellow_mustard_sauce (0.91) [ID:3] (875, 214, 903, 303)
  hand (0.85) [ID:64] (250, 391, 281, 450)
  hand (0.85) [ID:74] (231, 384, 262, 425)
Frame 447:
  ketchup_sauce (0.93) [ID:1] (906, 239, 936, 285)
  wrapper (0.96) [ID:2] (718, 295, 893, 473)
  yellow_mustard_sauce (0.91) [ID:3] (875, 214, 903, 303)
  hand (0.84) [ID:64] (250, 392, 279, 448)
  hand (0.84) [ID:74] (231, 384, 262, 426)
Frame 448:
  ketchup_sauce (0.93) [ID:1] (906, 239, 936, 284)
  wrapper (0.96) [ID:2] (718, 295, 893, 473)
  yellow_mustard_sauce (0.91) [ID:3] (875, 214, 903, 303)
  hand (0.84) [ID:64] (250, 394, 279, 450)
  hand (0.83) [ID:74] (230, 385, 261, 428)
Frame 449:
  ketchup_sauce (0.93) [ID:1] (906, 239, 936, 284)
  wrapper (0.96) [ID:2] (718, 295, 893, 473)
  yellow_mustard_sauce (0.91) [ID:3] (875, 214, 903, 303)
  hand (0.83) [ID:64] (251, 395, 278, 451)
  hand (0.83) [ID:74] (230, 385, 261, 428)
Frame 450:
  ketchup_sauce (0.93) [ID:1] (906, 239, 936, 284)
  wrapper (0.96) [ID:2] (718, 295, 893, 473)
  yellow_mustard_sauce (0.91) [ID:3] (875, 214, 903, 303)
  hand (0.85) [ID:64] (252, 394, 280, 451)
  hand (0.83) [ID:74] (230, 384, 261, 428)
Frame 451:
  ketchup_sauce (0.93) [ID:1] (906, 239, 936, 284)
  wrapper (0.96) [ID:2] (718, 295, 893, 473)
  yellow_mustard_sauce (0.91) [ID:3] (875, 214, 903, 303)
  hand (0.84) [ID:64] (254, 394, 282, 454)
  hand (0.83) [ID:74] (231, 383, 261, 427)
Frame 452:
  ketchup_sauce (0.93) [ID:1] (906, 239, 936, 284)
  wrapper (0.96) [ID:2] (718, 295, 893, 473)
  yellow_mustard_sauce (0.91) [ID:3] (875, 214, 903, 303)
  hand (0.84) [ID:64] (256, 391, 284, 456)
  hand (0.85) [ID:74] (231, 384, 261, 428)
Frame 453:
  ketchup_sauce (0.93) [ID:1] (906, 239, 936, 284)
  wrapper (0.96) [ID:2] (718, 295, 893, 473)
  yellow_mustard_sauce (0.91) [ID:3] (875, 214, 903, 303)
  hand (0.86) [ID:64] (258, 389, 289, 456)
  hand (0.86) [ID:74] (232, 384, 263, 430)
Frame 454:
  ketchup_sauce (0.93) [ID:1] (906, 239, 936, 284)
  wrapper (0.96) [ID:2] (718, 295, 893, 473)
  yellow_mustard_sauce (0.91) [ID:3] (875, 214, 903, 303)
  hand (0.86) [ID:64] (260, 388, 295, 454)
  hand (0.87) [ID:74] (232, 384, 264, 431)
Frame 455:
  ketchup_sauce (0.93) [ID:1] (906, 239, 936, 284)
  wrapper (0.96) [ID:2] (718, 295, 893, 473)
  yellow_mustard_sauce (0.91) [ID:3] (875, 214, 903, 303)
  hand (0.83) [ID:64] (262, 389, 300, 452)
  hand (0.87) [ID:74] (232, 384, 267, 433)
Frame 456:
  ketchup_sauce (0.93) [ID:1] (906, 239, 936, 284)
  wrapper (0.96) [ID:2] (718, 295, 893, 473)
  yellow_mustard_sauce (0.91) [ID:3] (875, 214, 903, 303)
  hand (0.86) [ID:64] (265, 388, 304, 450)
  hand (0.86) [ID:74] (233, 385, 270, 433)
Frame 457:
  ketchup_sauce (0.93) [ID:1] (906, 239, 936, 284)
  wrapper (0.96) [ID:2] (718, 295, 893, 473)
  yellow_mustard_sauce (0.91) [ID:3] (875, 214, 903, 303)
  hand (0.83) [ID:64] (267, 388, 304, 453)
  hand (0.84) [ID:74] (234, 385, 271, 433)
Frame 458:
  ketchup_sauce (0.93) [ID:1] (906, 239, 936, 285)
  wrapper (0.96) [ID:2] (718, 295, 893, 473)
  yellow_mustard_sauce (0.91) [ID:3] (875, 214, 903, 303)
  hand (0.82) [ID:64] (270, 390, 302, 453)
  hand (0.84) [ID:74] (234, 385, 271, 434)
Frame 459:
  ketchup_sauce (0.93) [ID:1] (906, 239, 936, 285)
  wrapper (0.96) [ID:2] (718, 295, 893, 473)
  yellow_mustard_sauce (0.91) [ID:3] (875, 214, 903, 303)
  hand (0.80) [ID:64] (270, 389, 302, 452)
  hand (0.84) [ID:74] (233, 385, 269, 435)
Frame 460:
  ketchup_sauce (0.93) [ID:1] (906, 239, 936, 285)
  wrapper (0.96) [ID:2] (718, 295, 893, 473)
  yellow_mustard_sauce (0.91) [ID:3] (875, 214, 903, 303)
  hand (0.83) [ID:64] (270, 389, 305, 452)
  hand (0.85) [ID:74] (230, 385, 265, 436)
Frame 461:
  ketchup_sauce (0.93) [ID:1] (906, 239, 936, 284)
  wrapper (0.96) [ID:2] (718, 295, 893, 473)
  yellow_mustard_sauce (0.91) [ID:3] (875, 214, 903, 303)
  hand (0.84) [ID:64] (268, 391, 303, 453)
  hand (0.83) [ID:74] (226, 386, 260, 439)
Frame 462:
  ketchup_sauce (0.93) [ID:1] (906, 239, 936, 284)
  wrapper (0.96) [ID:2] (718, 295, 893, 473)
  yellow_mustard_sauce (0.91) [ID:3] (875, 214, 903, 303)
  hand (0.84) [ID:64] (263, 391, 297, 452)
  hand (0.78) [ID:74] (223, 388, 256, 439)
Frame 463:
  ketchup_sauce (0.93) [ID:1] (906, 239, 936, 284)
  wrapper (0.96) [ID:2] (718, 295, 893, 473)
  yellow_mustard_sauce (0.91) [ID:3] (875, 214, 903, 303)
  hand (0.85) [ID:64] (258, 402, 289, 456)
  hand (0.83) [ID:74] (218, 391, 252, 442)
Frame 464:
  ketchup_sauce (0.93) [ID:1] (906, 239, 936, 284)
  wrapper (0.96) [ID:2] (718, 295, 893, 473)
  yellow_mustard_sauce (0.91) [ID:3] (875, 214, 903, 303)
  hand (0.79) [ID:64] (253, 399, 283, 455)
  hand (0.80) [ID:74] (216, 398, 244, 444)
Frame 465:
  ketchup_sauce (0.93) [ID:1] (906, 239, 936, 284)
  wrapper (0.96) [ID:2] (718, 295, 893, 473)
  yellow_mustard_sauce (0.91) [ID:3] (875, 214, 903, 303)
  hand (0.80) [ID:64] (246, 402, 272, 455)
  hand (0.73) [ID:74] (216, 407, 240, 445)
Frame 466:
  ketchup_sauce (0.93) [ID:1] (906, 239, 936, 285)
  wrapper (0.96) [ID:2] (718, 295, 893, 473)
  yellow_mustard_sauce (0.91) [ID:3] (875, 214, 903, 303)
  hand (0.80) [ID:64] (235, 402, 268, 454)
  hand (0.70) [ID:74] (209, 412, 235, 447)
Frame 467:
  ketchup_sauce (0.93) [ID:1] (906, 239, 936, 284)
  wrapper (0.96) [ID:2] (718, 295, 893, 473)
  yellow_mustard_sauce (0.91) [ID:3] (875, 214, 903, 303)
  hand (0.77) [ID:64] (231, 404, 260, 454)
  hand (0.79) [ID:74] (206, 411, 231, 452)
Frame 468:
  ketchup_sauce (0.93) [ID:1] (906, 239, 936, 284)
  wrapper (0.96) [ID:2] (718, 295, 893, 473)
  yellow_mustard_sauce (0.91) [ID:3] (875, 214, 903, 303)
  hand (0.77) [ID:64] (226, 406, 256, 456)
  hand (0.80) [ID:74] (202, 414, 228, 454)
Frame 469:
  ketchup_sauce (0.93) [ID:1] (906, 239, 936, 284)
  wrapper (0.96) [ID:2] (718, 295, 893, 473)
  yellow_mustard_sauce (0.91) [ID:3] (875, 214, 903, 303)
  hand (0.82) [ID:64] (218, 407, 249, 454)
  hand (0.68) [ID:74] (197, 413, 222, 453)
Frame 470:
  ketchup_sauce (0.93) [ID:1] (906, 239, 936, 284)
  wrapper (0.96) [ID:2] (718, 295, 893, 473)
  yellow_mustard_sauce (0.91) [ID:3] (875, 214, 903, 303)
  hand (0.80) [ID:64] (213, 403, 243, 452)
  hand (0.76) [ID:74] (192, 417, 215, 458)
Frame 471:
  ketchup_sauce (0.93) [ID:1] (906, 239, 936, 284)
  wrapper (0.96) [ID:2] (718, 295, 893, 473)
  yellow_mustard_sauce (0.91) [ID:3] (875, 214, 903, 303)
  hand (0.78) [ID:64] (205, 407, 238, 455)
  hand (0.74) [ID:74] (186, 420, 207, 460)
Frame 472:
  ketchup_sauce (0.93) [ID:1] (906, 239, 936, 284)
  wrapper (0.96) [ID:2] (718, 295, 893, 473)
  yellow_mustard_sauce (0.91) [ID:3] (875, 214, 903, 303)
  hand (0.63) [ID:64] (193, 407, 229, 453)
  hand (0.76) [ID:74] (180, 417, 200, 461)
Frame 473:
  ketchup_sauce (0.93) [ID:1] (906, 239, 936, 284)
  wrapper (0.96) [ID:2] (718, 295, 893, 473)
  yellow_mustard_sauce (0.91) [ID:3] (875, 214, 903, 303)
  hand (0.71) [ID:64] (185, 409, 225, 451)
  hand (0.75) [ID:74] (177, 422, 194, 463)
Frame 474:
  ketchup_sauce (0.93) [ID:1] (906, 239, 936, 284)
  wrapper (0.96) [ID:2] (718, 295, 893, 473)
  yellow_mustard_sauce (0.91) [ID:3] (875, 214, 903, 303)
  hand (0.79) [ID:64] (178, 409, 219, 455)
  hand (0.69) [ID:74] (172, 416, 190, 466)
Frame 475:
  ketchup_sauce (0.93) [ID:1] (906, 239, 936, 284)
  wrapper (0.96) [ID:2] (718, 295, 893, 473)
  yellow_mustard_sauce (0.91) [ID:3] (875, 214, 903, 303)
  hand (0.77) [ID:64] (173, 408, 211, 455)
  hand (0.64) [ID:74] (168, 420, 187, 470)
Frame 476:
  ketchup_sauce (0.93) [ID:1] (906, 239, 936, 284)
  wrapper (0.96) [ID:2] (718, 295, 893, 473)
  yellow_mustard_sauce (0.91) [ID:3] (875, 214, 903, 303)
  hand (0.69) [ID:64] (167, 411, 207, 455)
  hand (0.78) [ID:74] (163, 424, 184, 469)
Frame 477:
  ketchup_sauce (0.93) [ID:1] (906, 239, 936, 284)
  wrapper (0.96) [ID:2] (718, 295, 893, 473)
  yellow_mustard_sauce (0.91) [ID:3] (875, 214, 903, 303)
  hand (0.60) [ID:64] (162, 408, 197, 459)
  hand (0.73) [ID:74] (159, 428, 183, 472)
Frame 478:
  ketchup_sauce (0.93) [ID:1] (906, 239, 936, 284)
  wrapper (0.96) [ID:2] (718, 295, 893, 473)
  yellow_mustard_sauce (0.91) [ID:3] (875, 214, 903, 303)
  hand (0.74) [ID:64] (156, 413, 191, 461)
  hand (0.69) [ID:74] (153, 423, 174, 485)
Frame 479:
  ketchup_sauce (0.93) [ID:1] (906, 239, 936, 284)
  wrapper (0.96) [ID:2] (718, 295, 893, 473)
  yellow_mustard_sauce (0.91) [ID:3] (875, 214, 903, 303)
  hand (0.79) [ID:64] (148, 416, 180, 463)
  hand (0.65) [ID:74] (148, 434, 170, 485)
Frame 480:
  ketchup_sauce (0.93) [ID:1] (906, 239, 936, 285)
  wrapper (0.95) [ID:2] (719, 295, 893, 473)
  yellow_mustard_sauce (0.90) [ID:3] (875, 214, 903, 303)
  hand (0.66) [ID:64] (141, 418, 176, 468)
  hand (0.69) [ID:74] (143, 429, 170, 481)
Frame 481:
  ketchup_sauce (0.93) [ID:1] (906, 239, 936, 285)
  wrapper (0.95) [ID:2] (719, 295, 893, 473)
  yellow_mustard_sauce (0.90) [ID:3] (875, 214, 903, 303)
  hand (0.75) [ID:64] (135, 421, 170, 473)
Frame 482:
  ketchup_sauce (0.93) [ID:1] (906, 239, 936, 285)
  wrapper (0.95) [ID:2] (719, 295, 893, 473)
  yellow_mustard_sauce (0.90) [ID:3] (875, 214, 903, 303)
  hand (0.77) [ID:64] (126, 423, 160, 471)
Frame 483:
  ketchup_sauce (0.93) [ID:1] (906, 239, 936, 285)
  wrapper (0.95) [ID:2] (719, 295, 893, 473)
  yellow_mustard_sauce (0.90) [ID:3] (875, 214, 903, 303)
  hand (0.75) [ID:64] (122, 420, 155, 468)
Frame 484:
  ketchup_sauce (0.93) [ID:1] (906, 239, 936, 285)
  wrapper (0.95) [ID:2] (719, 295, 893, 473)
  yellow_mustard_sauce (0.90) [ID:3] (875, 214, 903, 303)
  hand (0.75) [ID:64] (121, 422, 154, 470)
Frame 485:
  ketchup_sauce (0.93) [ID:1] (906, 239, 936, 285)
  wrapper (0.95) [ID:2] (719, 295, 893, 473)
  yellow_mustard_sauce (0.90) [ID:3] (875, 214, 903, 303)
  hand (0.76) [ID:64] (119, 421, 153, 468)
Frame 486:
  ketchup_sauce (0.93) [ID:1] (906, 239, 936, 285)
  wrapper (0.95) [ID:2] (719, 295, 893, 473)
  yellow_mustard_sauce (0.90) [ID:3] (875, 214, 903, 303)
  hand (0.68) [ID:64] (119, 421, 148, 464)
Frame 487:
  ketchup_sauce (0.93) [ID:1] (906, 239, 936, 285)
  wrapper (0.95) [ID:2] (719, 295, 893, 473)
  yellow_mustard_sauce (0.90) [ID:3] (875, 214, 903, 303)
  hand (0.80) [ID:64] (119, 420, 151, 463)
Frame 488:
  ketchup_sauce (0.93) [ID:1] (906, 239, 936, 285)
  wrapper (0.95) [ID:2] (719, 295, 893, 473)
  yellow_mustard_sauce (0.91) [ID:3] (875, 214, 903, 303)
  hand (0.82) [ID:64] (120, 419, 150, 462)
Frame 489:
  ketchup_sauce (0.93) [ID:1] (906, 239, 936, 285)
  wrapper (0.95) [ID:2] (719, 295, 893, 473)
  yellow_mustard_sauce (0.91) [ID:3] (875, 214, 903, 303)
  hand (0.81) [ID:64] (120, 420, 149, 462)
Frame 490:
  ketchup_sauce (0.93) [ID:1] (906, 239, 936, 285)
  wrapper (0.95) [ID:2] (719, 295, 893, 473)
  yellow_mustard_sauce (0.91) [ID:3] (875, 214, 903, 303)
  hand (0.69) [ID:64] (123, 413, 152, 451)
Frame 491:
  ketchup_sauce (0.93) [ID:1] (906, 239, 936, 285)
  wrapper (0.95) [ID:2] (719, 295, 893, 473)
  yellow_mustard_sauce (0.90) [ID:3] (875, 214, 903, 303)
  hand (0.72) [ID:64] (128, 408, 155, 448)
Frame 492:
  ketchup_sauce (0.93) [ID:1] (906, 239, 936, 285)
  wrapper (0.95) [ID:2] (719, 295, 893, 473)
  yellow_mustard_sauce (0.91) [ID:3] (875, 214, 903, 303)
  hand (0.77) [ID:64] (130, 402, 156, 448)
Frame 493:
  ketchup_sauce (0.93) [ID:1] (906, 239, 936, 285)
  wrapper (0.95) [ID:2] (719, 295, 893, 473)
  yellow_mustard_sauce (0.91) [ID:3] (875, 214, 903, 303)
  hand (0.79) [ID:64] (133, 397, 157, 448)
Frame 494:
  ketchup_sauce (0.93) [ID:1] (906, 239, 936, 285)
  wrapper (0.95) [ID:2] (719, 295, 893, 473)
  yellow_mustard_sauce (0.91) [ID:3] (875, 214, 903, 303)
  hand (0.79) [ID:64] (134, 395, 156, 446)
Frame 495:
  ketchup_sauce (0.93) [ID:1] (906, 239, 936, 284)
  wrapper (0.95) [ID:2] (719, 295, 893, 473)
  yellow_mustard_sauce (0.91) [ID:3] (875, 214, 903, 303)
  hand (0.79) [ID:64] (136, 390, 158, 445)
Frame 496:
  ketchup_sauce (0.93) [ID:1] (906, 239, 936, 285)
  wrapper (0.95) [ID:2] (719, 295, 893, 473)
  yellow_mustard_sauce (0.91) [ID:3] (875, 214, 903, 303)
  hand (0.77) [ID:64] (138, 389, 158, 440)
Frame 497:
  ketchup_sauce (0.93) [ID:1] (906, 239, 936, 285)
  wrapper (0.95) [ID:2] (719, 295, 893, 473)
  yellow_mustard_sauce (0.91) [ID:3] (875, 214, 903, 303)
  hand (0.78) [ID:64] (137, 388, 158, 445)
Frame 498:
  ketchup_sauce (0.93) [ID:1] (906, 239, 936, 285)
  wrapper (0.95) [ID:2] (719, 295, 893, 473)
  yellow_mustard_sauce (0.91) [ID:3] (875, 214, 903, 303)
  hand (0.80) [ID:64] (137, 388, 159, 446)
Frame 499:
  ketchup_sauce (0.93) [ID:1] (906, 239, 936, 285)
  wrapper (0.95) [ID:2] (719, 295, 893, 473)
  yellow_mustard_sauce (0.91) [ID:3] (875, 214, 903, 303)
  hand (0.77) [ID:64] (136, 387, 159, 443)
Frame 500:
  ketchup_sauce (0.93) [ID:1] (906, 239, 936, 285)
  wrapper (0.95) [ID:2] (719, 295, 893, 473)
  yellow_mustard_sauce (0.91) [ID:3] (875, 214, 903, 303)
  hand (0.81) [ID:64] (136, 387, 159, 440)
Frame 501:
  ketchup_sauce (0.93) [ID:1] (906, 239, 936, 285)
  wrapper (0.95) [ID:2] (719, 295, 893, 473)
  yellow_mustard_sauce (0.91) [ID:3] (875, 214, 903, 303)
  hand (0.80) [ID:64] (135, 387, 159, 437)
Frame 502:
  ketchup_sauce (0.93) [ID:1] (906, 239, 936, 284)
  wrapper (0.95) [ID:2] (719, 295, 893, 473)
  yellow_mustard_sauce (0.91) [ID:3] (875, 214, 903, 303)
  hand (0.81) [ID:64] (135, 385, 160, 434)
Frame 503:
  ketchup_sauce (0.93) [ID:1] (906, 239, 936, 284)
  wrapper (0.95) [ID:2] (719, 295, 893, 473)
  yellow_mustard_sauce (0.91) [ID:3] (875, 214, 903, 303)
  hand (0.80) [ID:64] (136, 384, 162, 430)
Frame 504:
  ketchup_sauce (0.93) [ID:1] (906, 239, 936, 284)
  wrapper (0.95) [ID:2] (719, 295, 893, 473)
  yellow_mustard_sauce (0.91) [ID:3] (875, 214, 903, 303)
  hand (0.80) [ID:64] (140, 388, 165, 429)
Frame 505:
  ketchup_sauce (0.93) [ID:1] (906, 239, 936, 284)
  wrapper (0.95) [ID:2] (719, 295, 893, 473)
  yellow_mustard_sauce (0.91) [ID:3] (875, 214, 903, 303)
  hand (0.83) [ID:64] (143, 388, 168, 425)
Frame 506:
  ketchup_sauce (0.93) [ID:1] (906, 239, 936, 285)
  wrapper (0.95) [ID:2] (719, 295, 893, 473)
  yellow_mustard_sauce (0.91) [ID:3] (875, 214, 903, 303)
  hand (0.80) [ID:64] (148, 387, 178, 430)
  hand (0.74) [ID:78] (127, 442, 149, 469)
Frame 507:
  ketchup_sauce (0.93) [ID:1] (906, 239, 936, 284)
  wrapper (0.95) [ID:2] (719, 295, 893, 473)
  yellow_mustard_sauce (0.90) [ID:3] (875, 214, 903, 303)
  hand (0.76) [ID:64] (155, 386, 186, 427)
  hand (0.77) [ID:78] (130, 441, 152, 470)
Frame 508:
  ketchup_sauce (0.93) [ID:1] (906, 239, 936, 285)
  wrapper (0.95) [ID:2] (719, 295, 893, 473)
  yellow_mustard_sauce (0.90) [ID:3] (875, 214, 903, 303)
  hand (0.75) [ID:64] (167, 383, 196, 428)
  hand (0.80) [ID:78] (132, 439, 155, 471)
Frame 509:
  ketchup_sauce (0.93) [ID:1] (906, 239, 936, 285)
  wrapper (0.95) [ID:2] (719, 295, 893, 473)
  yellow_mustard_sauce (0.90) [ID:3] (875, 214, 903, 303)
  hand (0.82) [ID:64] (176, 384, 207, 432)
  hand (0.83) [ID:78] (135, 435, 157, 472)
Frame 510:
  ketchup_sauce (0.93) [ID:1] (906, 239, 936, 285)
  wrapper (0.95) [ID:2] (719, 295, 893, 473)
  yellow_mustard_sauce (0.90) [ID:3] (875, 214, 903, 303)
  hand (0.80) [ID:64] (188, 383, 218, 434)
  hand (0.82) [ID:78] (139, 429, 160, 472)
Frame 511:
  ketchup_sauce (0.93) [ID:1] (906, 239, 936, 284)
  wrapper (0.95) [ID:2] (719, 295, 893, 473)
  yellow_mustard_sauce (0.91) [ID:3] (875, 214, 903, 303)
  hand (0.86) [ID:64] (200, 381, 230, 431)
  hand (0.80) [ID:78] (142, 425, 165, 472)
Frame 512:
  ketchup_sauce (0.93) [ID:1] (906, 239, 936, 284)
  wrapper (0.95) [ID:2] (719, 295, 893, 473)
  yellow_mustard_sauce (0.90) [ID:3] (875, 214, 903, 303)
  hand (0.82) [ID:64] (211, 389, 242, 438)
  hand (0.80) [ID:78] (144, 424, 172, 471)
Frame 513:
  ketchup_sauce (0.93) [ID:1] (906, 239, 936, 284)
  wrapper (0.95) [ID:2] (719, 295, 893, 473)
  yellow_mustard_sauce (0.91) [ID:3] (875, 214, 903, 303)
  hand (0.76) [ID:64] (220, 391, 247, 433)
  hand (0.82) [ID:78] (147, 420, 176, 469)
Frame 514:
  ketchup_sauce (0.93) [ID:1] (906, 239, 936, 284)
  wrapper (0.95) [ID:2] (719, 295, 893, 473)
  yellow_mustard_sauce (0.90) [ID:3] (875, 214, 903, 303)
  hand (0.78) [ID:64] (229, 396, 257, 435)
  hand (0.80) [ID:78] (149, 416, 178, 468)
Frame 515:
  ketchup_sauce (0.93) [ID:1] (906, 239, 936, 284)
  wrapper (0.95) [ID:2] (719, 295, 893, 473)
  yellow_mustard_sauce (0.91) [ID:3] (875, 214, 903, 303)
  hand (0.80) [ID:64] (237, 393, 265, 431)
  hand (0.76) [ID:78] (152, 412, 184, 465)
  hand (0.72) [ID:79] (70, 440, 101, 510)
Frame 516:
  ketchup_sauce (0.93) [ID:1] (906, 239, 936, 284)
  wrapper (0.95) [ID:2] (719, 295, 893, 473)
  yellow_mustard_sauce (0.91) [ID:3] (875, 214, 903, 303)
  hand (0.75) [ID:64] (245, 388, 278, 432)
  hand (0.69) [ID:78] (161, 408, 189, 441)
  hand (0.66) [ID:79] (71, 435, 103, 509)
Frame 517:
  ketchup_sauce (0.93) [ID:1] (906, 239, 936, 284)
  wrapper (0.95) [ID:2] (719, 295, 893, 473)
  yellow_mustard_sauce (0.90) [ID:3] (875, 214, 903, 303)
  hand (0.79) [ID:64] (256, 386, 289, 437)
  hand (0.79) [ID:78] (170, 404, 194, 437)
Frame 518:
  ketchup_sauce (0.93) [ID:1] (906, 239, 936, 284)
  wrapper (0.95) [ID:2] (719, 295, 893, 473)
  yellow_mustard_sauce (0.91) [ID:3] (875, 214, 903, 303)
  hand (0.84) [ID:64] (259, 387, 298, 440)
  hand (0.77) [ID:78] (176, 399, 200, 434)
Frame 519:
  ketchup_sauce (0.93) [ID:1] (906, 239, 936, 284)
  wrapper (0.95) [ID:2] (719, 295, 893, 473)
  yellow_mustard_sauce (0.90) [ID:3] (875, 214, 903, 303)
  hand (0.78) [ID:64] (259, 386, 294, 439)
  hand (0.79) [ID:78] (177, 394, 204, 432)
Frame 520:
  ketchup_sauce (0.93) [ID:1] (906, 239, 936, 284)
  wrapper (0.95) [ID:2] (719, 295, 893, 473)
  yellow_mustard_sauce (0.90) [ID:3] (875, 214, 903, 303)
  hand (0.74) [ID:64] (272, 390, 303, 436)
  hand (0.81) [ID:78] (182, 392, 210, 428)
Frame 521:
  ketchup_sauce (0.93) [ID:1] (906, 239, 936, 284)
  wrapper (0.95) [ID:2] (719, 295, 893, 473)
  yellow_mustard_sauce (0.90) [ID:3] (875, 214, 903, 303)
  hand (0.74) [ID:64] (272, 390, 302, 431)
  hand (0.81) [ID:78] (187, 389, 215, 426)
Frame 522:
  ketchup_sauce (0.93) [ID:1] (906, 239, 936, 284)
  wrapper (0.95) [ID:2] (719, 295, 893, 473)
  yellow_mustard_sauce (0.90) [ID:3] (875, 214, 903, 303)
  hand (0.82) [ID:78] (191, 386, 219, 426)
  hand (0.80) [ID:76] (260, 387, 295, 438)
Frame 523:
  ketchup_sauce (0.93) [ID:1] (906, 239, 936, 285)
  wrapper (0.95) [ID:2] (719, 295, 893, 473)
  yellow_mustard_sauce (0.90) [ID:3] (875, 214, 903, 303)
  hand (0.80) [ID:78] (195, 383, 223, 424)
  hand (0.79) [ID:76] (259, 386, 289, 436)
Frame 524:
  ketchup_sauce (0.93) [ID:1] (906, 239, 936, 285)
  wrapper (0.95) [ID:2] (719, 295, 893, 473)
  yellow_mustard_sauce (0.90) [ID:3] (875, 214, 903, 303)
  hand (0.82) [ID:78] (201, 383, 228, 420)
  hand (0.78) [ID:76] (258, 387, 293, 439)
Frame 525:
  ketchup_sauce (0.93) [ID:1] (906, 239, 936, 285)
  wrapper (0.95) [ID:2] (719, 295, 893, 473)
  yellow_mustard_sauce (0.90) [ID:3] (875, 214, 903, 303)
  hand (0.83) [ID:78] (205, 379, 232, 419)
  hand (0.80) [ID:76] (254, 384, 286, 433)
Frame 526:
  ketchup_sauce (0.93) [ID:1] (906, 239, 936, 284)
  wrapper (0.95) [ID:2] (719, 295, 893, 473)
  yellow_mustard_sauce (0.90) [ID:3] (875, 214, 903, 303)
  hand (0.84) [ID:78] (207, 379, 234, 417)
  hand (0.83) [ID:76] (249, 384, 281, 433)
Frame 527:
  ketchup_sauce (0.93) [ID:1] (906, 239, 936, 284)
  wrapper (0.95) [ID:2] (719, 295, 893, 473)
  yellow_mustard_sauce (0.91) [ID:3] (875, 214, 903, 303)
  hand (0.82) [ID:78] (209, 378, 236, 417)
  hand (0.83) [ID:76] (248, 385, 276, 433)
Frame 528:
  ketchup_sauce (0.93) [ID:1] (906, 239, 936, 284)
  wrapper (0.95) [ID:2] (719, 295, 893, 473)
  yellow_mustard_sauce (0.90) [ID:3] (875, 214, 903, 303)
  hand (0.82) [ID:78] (210, 378, 237, 417)
  hand (0.79) [ID:76] (245, 388, 275, 429)
Frame 529:
  ketchup_sauce (0.93) [ID:1] (906, 239, 936, 284)
  wrapper (0.95) [ID:2] (719, 295, 893, 473)
  yellow_mustard_sauce (0.90) [ID:3] (875, 214, 903, 303)
  hand (0.83) [ID:78] (211, 378, 236, 417)
  hand (0.80) [ID:76] (245, 387, 274, 428)
Frame 530:
  ketchup_sauce (0.93) [ID:1] (906, 239, 936, 284)
  wrapper (0.95) [ID:2] (719, 295, 893, 473)
  yellow_mustard_sauce (0.90) [ID:3] (875, 214, 903, 303)
  hand (0.82) [ID:78] (212, 379, 234, 416)
  hand (0.77) [ID:76] (244, 382, 274, 426)
Frame 531:
  ketchup_sauce (0.93) [ID:1] (906, 239, 936, 285)
  wrapper (0.95) [ID:2] (719, 295, 893, 473)
  yellow_mustard_sauce (0.90) [ID:3] (875, 214, 903, 303)
  hand (0.81) [ID:78] (212, 379, 233, 416)
  hand (0.82) [ID:76] (247, 379, 275, 424)
Frame 532:
  ketchup_sauce (0.93) [ID:1] (906, 239, 936, 285)
  wrapper (0.95) [ID:2] (719, 295, 893, 473)
  yellow_mustard_sauce (0.90) [ID:3] (875, 214, 903, 303)
  hand (0.81) [ID:78] (211, 379, 231, 418)
  hand (0.81) [ID:76] (251, 380, 284, 424)
Frame 533:
  ketchup_sauce (0.93) [ID:1] (906, 239, 936, 285)
  wrapper (0.95) [ID:2] (719, 295, 893, 473)
  yellow_mustard_sauce (0.90) [ID:3] (875, 214, 903, 303)
  hand (0.79) [ID:78] (209, 380, 230, 419)
  hand (0.77) [ID:76] (256, 379, 288, 423)
Frame 534:
  ketchup_sauce (0.93) [ID:1] (906, 239, 936, 285)
  wrapper (0.95) [ID:2] (719, 295, 893, 473)
  yellow_mustard_sauce (0.91) [ID:3] (875, 214, 903, 303)
  hand (0.78) [ID:78] (207, 380, 230, 421)
  hand (0.74) [ID:76] (260, 380, 288, 417)
Frame 535:
  ketchup_sauce (0.93) [ID:1] (906, 239, 936, 285)
  wrapper (0.95) [ID:2] (719, 295, 893, 473)
  yellow_mustard_sauce (0.90) [ID:3] (875, 214, 903, 303)
  hand (0.79) [ID:78] (206, 380, 229, 421)
  hand (0.55) [ID:76] (260, 381, 293, 426)
Frame 536:
  ketchup_sauce (0.93) [ID:1] (906, 239, 936, 285)
  wrapper (0.95) [ID:2] (719, 295, 893, 473)
  yellow_mustard_sauce (0.90) [ID:3] (875, 214, 903, 303)
  hand (0.78) [ID:78] (204, 380, 230, 423)
  reg_clamshell (0.56) [ID:87] (212, 322, 249, 408)
Frame 537:
  ketchup_sauce (0.93) [ID:1] (906, 239, 936, 285)
  wrapper (0.95) [ID:2] (719, 295, 893, 473)
  yellow_mustard_sauce (0.90) [ID:3] (875, 214, 903, 303)
  hand (0.69) [ID:78] (201, 381, 225, 423)
  hand (0.59) [ID:88] (278, 383, 309, 413)
Frame 538:
  ketchup_sauce (0.93) [ID:1] (906, 239, 936, 285)
  wrapper (0.95) [ID:2] (719, 295, 893, 473)
  yellow_mustard_sauce (0.90) [ID:3] (875, 214, 903, 303)
  hand (0.67) [ID:78] (199, 378, 221, 424)
Frame 539:
  ketchup_sauce (0.93) [ID:1] (906, 239, 936, 285)
  wrapper (0.95) [ID:2] (719, 295, 893, 473)
  yellow_mustard_sauce (0.90) [ID:3] (875, 214, 903, 303)
  hand (0.79) [ID:78] (195, 376, 217, 427)
  hand (0.67) [ID:88] (287, 377, 312, 413)
  hand (0.71) [ID:76] (259, 385, 289, 432)
Frame 540:
  ketchup_sauce (0.93) [ID:1] (906, 239, 936, 284)
  wrapper (0.95) [ID:2] (718, 295, 893, 473)
  yellow_mustard_sauce (0.90) [ID:3] (875, 214, 903, 303)
  hand (0.81) [ID:78] (192, 383, 216, 429)
  hand (0.70) [ID:88] (281, 373, 308, 421)
  hand (0.74) [ID:76] (259, 383, 294, 431)
Frame 541:
  ketchup_sauce (0.93) [ID:1] (906, 239, 936, 284)
  wrapper (0.95) [ID:2] (718, 295, 893, 473)
  yellow_mustard_sauce (0.90) [ID:3] (875, 214, 903, 303)
  hand (0.77) [ID:78] (189, 387, 215, 431)
  hand (0.85) [ID:76] (256, 385, 292, 441)
Frame 542:
  ketchup_sauce (0.93) [ID:1] (906, 239, 936, 284)
  wrapper (0.95) [ID:2] (718, 295, 893, 473)
  yellow_mustard_sauce (0.91) [ID:3] (875, 214, 903, 303)
  hand (0.78) [ID:78] (187, 390, 212, 434)
  hand (0.86) [ID:76] (248, 387, 283, 451)
Frame 543:
  ketchup_sauce (0.93) [ID:1] (906, 239, 936, 284)
  wrapper (0.95) [ID:2] (718, 295, 893, 473)
  yellow_mustard_sauce (0.91) [ID:3] (875, 214, 903, 304)
  hand (0.77) [ID:78] (186, 393, 212, 434)
  hand (0.86) [ID:76] (245, 398, 274, 453)
Frame 544:
  ketchup_sauce (0.93) [ID:1] (906, 239, 936, 284)
  wrapper (0.95) [ID:2] (718, 295, 893, 473)
  yellow_mustard_sauce (0.91) [ID:3] (875, 214, 903, 303)
  hand (0.78) [ID:78] (185, 390, 213, 436)
  hand (0.85) [ID:76] (242, 405, 271, 456)
Frame 545:
  ketchup_sauce (0.93) [ID:1] (906, 239, 936, 284)
  wrapper (0.95) [ID:2] (718, 295, 893, 473)
  yellow_mustard_sauce (0.91) [ID:3] (875, 214, 903, 304)
  hand (0.77) [ID:78] (184, 385, 214, 439)
  hand (0.85) [ID:76] (241, 411, 272, 459)
Frame 546:
  ketchup_sauce (0.93) [ID:1] (906, 239, 936, 284)
  wrapper (0.95) [ID:2] (718, 295, 893, 473)
  yellow_mustard_sauce (0.91) [ID:3] (875, 214, 903, 303)
  hand (0.75) [ID:78] (184, 384, 214, 440)
  hand (0.86) [ID:76] (242, 418, 273, 462)
Frame 547:
  ketchup_sauce (0.93) [ID:1] (906, 239, 936, 285)
  wrapper (0.95) [ID:2] (718, 295, 893, 473)
  yellow_mustard_sauce (0.91) [ID:3] (875, 214, 903, 304)
  hand (0.70) [ID:78] (184, 386, 214, 443)
  hand (0.85) [ID:76] (243, 426, 275, 468)
Frame 548:
  ketchup_sauce (0.93) [ID:1] (906, 239, 936, 285)
  wrapper (0.95) [ID:2] (718, 295, 893, 473)
  yellow_mustard_sauce (0.91) [ID:3] (875, 214, 903, 304)
  hand (0.71) [ID:78] (183, 389, 214, 444)
  hand (0.85) [ID:76] (244, 428, 275, 470)
Frame 549:
  ketchup_sauce (0.93) [ID:1] (906, 239, 936, 285)
  wrapper (0.95) [ID:2] (718, 295, 893, 473)
  yellow_mustard_sauce (0.91) [ID:3] (875, 214, 903, 304)
  hand (0.68) [ID:78] (180, 391, 214, 448)
  hand (0.84) [ID:76] (243, 427, 275, 471)
Frame 550:
  ketchup_sauce (0.93) [ID:1] (906, 239, 936, 285)
  wrapper (0.95) [ID:2] (718, 295, 893, 473)
  yellow_mustard_sauce (0.91) [ID:3] (875, 214, 903, 304)
  hand (0.67) [ID:78] (178, 404, 212, 462)
  hand (0.83) [ID:76] (242, 424, 273, 466)
Frame 551:
  ketchup_sauce (0.93) [ID:1] (906, 239, 936, 285)
  wrapper (0.95) [ID:2] (718, 295, 893, 473)
  yellow_mustard_sauce (0.91) [ID:3] (875, 214, 903, 304)
  hand (0.72) [ID:78] (178, 409, 211, 464)
  hand (0.84) [ID:76] (242, 420, 274, 464)
Frame 552:
  ketchup_sauce (0.93) [ID:1] (906, 239, 936, 285)
  wrapper (0.95) [ID:2] (718, 295, 893, 473)
  yellow_mustard_sauce (0.91) [ID:3] (875, 214, 903, 303)
  hand (0.76) [ID:78] (178, 412, 212, 467)
  hand (0.85) [ID:76] (243, 409, 283, 460)
Frame 553:
  ketchup_sauce (0.93) [ID:1] (906, 239, 936, 285)
  wrapper (0.95) [ID:2] (718, 295, 893, 473)
  yellow_mustard_sauce (0.91) [ID:3] (875, 214, 903, 303)
  hand (0.74) [ID:78] (179, 414, 213, 467)
  hand (0.86) [ID:76] (247, 407, 289, 459)
Frame 554:
  ketchup_sauce (0.93) [ID:1] (906, 239, 936, 285)
  wrapper (0.95) [ID:2] (718, 295, 893, 473)
  yellow_mustard_sauce (0.91) [ID:3] (875, 214, 903, 303)
  hand (0.76) [ID:78] (178, 419, 215, 469)
  hand (0.86) [ID:76] (253, 399, 294, 459)
Frame 555:
  ketchup_sauce (0.93) [ID:1] (906, 239, 936, 284)
  wrapper (0.95) [ID:2] (718, 295, 893, 473)
  yellow_mustard_sauce (0.91) [ID:3] (875, 214, 903, 303)
  hand (0.73) [ID:78] (178, 417, 219, 470)
  hand (0.84) [ID:76] (257, 398, 300, 456)
Frame 556:
  ketchup_sauce (0.93) [ID:1] (906, 239, 936, 284)
  wrapper (0.95) [ID:2] (718, 295, 893, 473)
  yellow_mustard_sauce (0.91) [ID:3] (875, 214, 903, 303)
  hand (0.72) [ID:78] (185, 418, 222, 465)
  hand (0.82) [ID:76] (260, 400, 303, 454)
Frame 557:
  ketchup_sauce (0.93) [ID:1] (906, 239, 936, 284)
  wrapper (0.95) [ID:2] (718, 295, 893, 473)
  yellow_mustard_sauce (0.91) [ID:3] (875, 214, 903, 303)
  hand (0.86) [ID:76] (264, 399, 308, 454)
  hand (0.72) [ID:93] (188, 417, 224, 462)
Frame 558:
  ketchup_sauce (0.93) [ID:1] (906, 239, 936, 284)
  wrapper (0.95) [ID:2] (718, 295, 893, 473)
  yellow_mustard_sauce (0.91) [ID:3] (875, 214, 903, 303)
  hand (0.84) [ID:76] (264, 402, 309, 452)
  hand (0.59) [ID:93] (191, 411, 227, 456)
Frame 559:
  ketchup_sauce (0.93) [ID:1] (906, 239, 936, 284)
  wrapper (0.95) [ID:2] (718, 295, 893, 473)
  yellow_mustard_sauce (0.91) [ID:3] (875, 214, 903, 303)
  hand (0.85) [ID:76] (261, 404, 311, 451)
  hand (0.50) [ID:93] (192, 400, 232, 457)
Frame 560:
  ketchup_sauce (0.93) [ID:1] (906, 239, 936, 284)
  wrapper (0.95) [ID:2] (718, 295, 893, 473)
  yellow_mustard_sauce (0.91) [ID:3] (875, 214, 903, 303)
  hand (0.82) [ID:76] (256, 402, 302, 453)
Frame 561:
  ketchup_sauce (0.93) [ID:1] (906, 239, 936, 284)
  wrapper (0.96) [ID:2] (718, 295, 893, 473)
  yellow_mustard_sauce (0.91) [ID:3] (875, 214, 903, 303)
  hand (0.87) [ID:76] (252, 404, 292, 452)
Frame 562:
  ketchup_sauce (0.93) [ID:1] (906, 239, 936, 284)
  wrapper (0.95) [ID:2] (718, 295, 893, 473)
  yellow_mustard_sauce (0.91) [ID:3] (875, 214, 903, 303)
  hand (0.84) [ID:76] (246, 406, 282, 459)
Frame 563:
  ketchup_sauce (0.93) [ID:1] (906, 239, 936, 284)
  wrapper (0.95) [ID:2] (718, 295, 893, 473)
  yellow_mustard_sauce (0.91) [ID:3] (875, 214, 903, 303)
  hand (0.86) [ID:76] (244, 405, 275, 457)
Frame 564:
  ketchup_sauce (0.93) [ID:1] (906, 239, 936, 284)
  wrapper (0.95) [ID:2] (718, 295, 893, 473)
  yellow_mustard_sauce (0.91) [ID:3] (875, 214, 903, 303)
  hand (0.84) [ID:76] (243, 405, 275, 458)
Frame 565:
  ketchup_sauce (0.93) [ID:1] (906, 239, 936, 284)
  wrapper (0.95) [ID:2] (718, 295, 893, 473)
  yellow_mustard_sauce (0.91) [ID:3] (875, 214, 903, 303)
  hand (0.84) [ID:76] (244, 404, 283, 458)
  hand (0.57) [ID:93] (211, 381, 242, 442)
Frame 566:
  ketchup_sauce (0.93) [ID:1] (906, 239, 936, 284)
  wrapper (0.95) [ID:2] (718, 295, 893, 473)
  yellow_mustard_sauce (0.91) [ID:3] (875, 214, 903, 303)
  hand (0.81) [ID:76] (246, 406, 286, 460)
  hand (0.54) [ID:93] (214, 380, 247, 445)
Frame 567:
  ketchup_sauce (0.93) [ID:1] (906, 239, 936, 284)
  wrapper (0.96) [ID:2] (718, 295, 893, 473)
  yellow_mustard_sauce (0.91) [ID:3] (875, 214, 903, 303)
  hand (0.83) [ID:76] (247, 405, 289, 458)
  hand (0.63) [ID:93] (216, 398, 247, 447)
Frame 568:
  ketchup_sauce (0.93) [ID:1] (906, 239, 936, 284)
  wrapper (0.96) [ID:2] (718, 295, 893, 473)
  yellow_mustard_sauce (0.91) [ID:3] (875, 214, 903, 303)
  hand (0.83) [ID:76] (250, 400, 286, 457)
Frame 569:
  ketchup_sauce (0.93) [ID:1] (906, 239, 936, 284)
  wrapper (0.96) [ID:2] (718, 295, 893, 473)
  yellow_mustard_sauce (0.91) [ID:3] (875, 214, 903, 303)
  hand (0.81) [ID:76] (251, 402, 285, 452)
Frame 570:
  ketchup_sauce (0.93) [ID:1] (906, 239, 936, 284)
  wrapper (0.96) [ID:2] (718, 295, 893, 473)
  yellow_mustard_sauce (0.91) [ID:3] (875, 214, 903, 303)
  hand (0.82) [ID:76] (251, 403, 283, 454)
Frame 571:
  ketchup_sauce (0.93) [ID:1] (906, 239, 936, 284)
  wrapper (0.96) [ID:2] (718, 295, 893, 473)
  yellow_mustard_sauce (0.91) [ID:3] (875, 214, 903, 303)
  hand (0.84) [ID:76] (250, 404, 281, 457)
  hand (0.65) [ID:95] (212, 405, 235, 450)
Frame 572:
  ketchup_sauce (0.93) [ID:1] (906, 239, 936, 284)
  wrapper (0.96) [ID:2] (718, 295, 893, 473)
  yellow_mustard_sauce (0.90) [ID:3] (875, 214, 903, 303)
  hand (0.83) [ID:76] (250, 406, 281, 458)
  hand (0.63) [ID:95] (212, 402, 231, 451)
Frame 573:
  ketchup_sauce (0.93) [ID:1] (906, 239, 936, 284)
  wrapper (0.96) [ID:2] (718, 295, 893, 473)
  yellow_mustard_sauce (0.90) [ID:3] (875, 214, 903, 303)
  hand (0.80) [ID:76] (249, 408, 282, 459)
  hand (0.69) [ID:95] (211, 399, 232, 457)
Frame 574:
  ketchup_sauce (0.93) [ID:1] (906, 239, 936, 284)
  wrapper (0.96) [ID:2] (718, 295, 893, 473)
  yellow_mustard_sauce (0.90) [ID:3] (875, 214, 903, 303)
  hand (0.81) [ID:76] (250, 412, 285, 463)
  hand (0.63) [ID:95] (211, 402, 238, 462)
Frame 575:
  ketchup_sauce (0.93) [ID:1] (906, 239, 936, 284)
  wrapper (0.96) [ID:2] (718, 295, 893, 473)
  yellow_mustard_sauce (0.90) [ID:3] (875, 214, 903, 303)
  hand (0.80) [ID:76] (252, 417, 286, 469)
  hand (0.68) [ID:95] (212, 406, 238, 465)
Frame 576:
  ketchup_sauce (0.93) [ID:1] (906, 239, 936, 284)
  wrapper (0.96) [ID:2] (718, 295, 893, 473)
  yellow_mustard_sauce (0.90) [ID:3] (875, 214, 903, 303)
  hand (0.80) [ID:76] (259, 417, 297, 479)
Frame 577:
  ketchup_sauce (0.93) [ID:1] (906, 239, 936, 284)
  wrapper (0.96) [ID:2] (718, 295, 893, 473)
  yellow_mustard_sauce (0.90) [ID:3] (875, 214, 903, 303)
  hand (0.83) [ID:76] (269, 423, 304, 490)
Frame 578:
  ketchup_sauce (0.93) [ID:1] (906, 239, 936, 284)
  wrapper (0.96) [ID:2] (718, 295, 893, 473)
  yellow_mustard_sauce (0.90) [ID:3] (875, 214, 903, 303)
  hand (0.77) [ID:76] (277, 422, 316, 498)
Frame 579:
  ketchup_sauce (0.93) [ID:1] (906, 239, 936, 284)
  wrapper (0.96) [ID:2] (718, 295, 893, 473)
  yellow_mustard_sauce (0.90) [ID:3] (875, 214, 903, 303)
  hand (0.79) [ID:76] (290, 429, 327, 504)
Frame 580:
  ketchup_sauce (0.93) [ID:1] (906, 239, 936, 284)
  wrapper (0.96) [ID:2] (718, 295, 893, 473)
  yellow_mustard_sauce (0.90) [ID:3] (875, 214, 903, 303)
  hand (0.82) [ID:76] (295, 451, 335, 511)
  hand (0.65) [ID:97] (241, 429, 267, 484)
Frame 581:
  ketchup_sauce (0.93) [ID:1] (906, 239, 936, 284)
  wrapper (0.96) [ID:2] (718, 295, 893, 473)
  yellow_mustard_sauce (0.90) [ID:3] (875, 214, 903, 303)
  hand (0.81) [ID:76] (309, 449, 350, 515)
Frame 582:
  ketchup_sauce (0.93) [ID:1] (906, 239, 936, 284)
  wrapper (0.96) [ID:2] (718, 295, 893, 473)
  yellow_mustard_sauce (0.90) [ID:3] (875, 214, 903, 303)
  hand (0.83) [ID:76] (325, 465, 364, 523)
Frame 583:
  ketchup_sauce (0.93) [ID:1] (906, 239, 936, 284)
  wrapper (0.96) [ID:2] (718, 295, 893, 473)
  yellow_mustard_sauce (0.90) [ID:3] (875, 214, 903, 303)
  hand (0.86) [ID:76] (341, 473, 386, 530)
Frame 584:
  ketchup_sauce (0.93) [ID:1] (906, 239, 936, 284)
  wrapper (0.96) [ID:2] (718, 295, 893, 474)
  yellow_mustard_sauce (0.90) [ID:3] (875, 214, 903, 303)
  hand (0.83) [ID:76] (358, 486, 403, 536)
Frame 585:
  ketchup_sauce (0.93) [ID:1] (906, 239, 936, 284)
  wrapper (0.96) [ID:2] (718, 295, 893, 474)
  yellow_mustard_sauce (0.90) [ID:3] (875, 214, 903, 303)
  hand (0.86) [ID:76] (372, 488, 423, 540)
Frame 586:
  ketchup_sauce (0.93) [ID:1] (906, 239, 936, 284)
  wrapper (0.96) [ID:2] (718, 295, 893, 474)
  yellow_mustard_sauce (0.90) [ID:3] (875, 214, 903, 303)
  hand (0.84) [ID:76] (388, 490, 441, 540)
Frame 587:
  ketchup_sauce (0.93) [ID:1] (906, 239, 936, 284)
  wrapper (0.96) [ID:2] (718, 295, 893, 474)
  yellow_mustard_sauce (0.90) [ID:3] (875, 214, 903, 303)
  hand (0.82) [ID:76] (405, 488, 460, 540)
Frame 588:
  ketchup_sauce (0.93) [ID:1] (906, 239, 936, 284)
  wrapper (0.96) [ID:2] (718, 295, 893, 474)
  yellow_mustard_sauce (0.90) [ID:3] (875, 214, 903, 303)
  hand (0.79) [ID:76] (421, 490, 467, 538)
Frame 589:
  ketchup_sauce (0.93) [ID:1] (906, 239, 936, 284)
  wrapper (0.96) [ID:2] (718, 295, 893, 474)
  yellow_mustard_sauce (0.90) [ID:3] (875, 214, 903, 303)
  hand (0.78) [ID:76] (436, 477, 488, 535)
Frame 590:
  ketchup_sauce (0.93) [ID:1] (906, 239, 936, 284)
  wrapper (0.96) [ID:2] (718, 295, 893, 474)
  yellow_mustard_sauce (0.90) [ID:3] (875, 214, 903, 303)
  hand (0.84) [ID:76] (452, 468, 504, 527)
Frame 591:
  ketchup_sauce (0.92) [ID:1] (906, 239, 936, 284)
  wrapper (0.96) [ID:2] (718, 295, 893, 474)
  yellow_mustard_sauce (0.90) [ID:3] (875, 214, 903, 303)
  hand (0.85) [ID:76] (468, 459, 517, 519)
  hand (0.53) [ID:103] (338, 448, 385, 507)
Frame 592:
  ketchup_sauce (0.92) [ID:1] (906, 239, 936, 284)
  wrapper (0.96) [ID:2] (718, 295, 893, 474)
  yellow_mustard_sauce (0.90) [ID:3] (875, 214, 903, 303)
  hand (0.83) [ID:76] (482, 453, 536, 507)
Frame 593:
  ketchup_sauce (0.92) [ID:1] (906, 239, 936, 284)
  wrapper (0.95) [ID:2] (718, 295, 893, 474)
  yellow_mustard_sauce (0.90) [ID:3] (875, 214, 903, 303)
  hand (0.85) [ID:76] (495, 436, 550, 497)
  hand (0.57) [ID:103] (356, 439, 402, 501)
Frame 594:
  ketchup_sauce (0.92) [ID:1] (906, 239, 936, 284)
  wrapper (0.95) [ID:2] (718, 295, 893, 474)
  yellow_mustard_sauce (0.90) [ID:3] (875, 214, 903, 303)
  hand (0.84) [ID:76] (507, 425, 561, 489)
Frame 595:
  ketchup_sauce (0.92) [ID:1] (906, 239, 936, 284)
  wrapper (0.95) [ID:2] (718, 295, 893, 474)
  yellow_mustard_sauce (0.90) [ID:3] (875, 214, 903, 303)
  hand (0.85) [ID:76] (519, 409, 582, 476)
  hot-dog (0.85) [ID:103] (383, 423, 424, 493)
Frame 596:
  ketchup_sauce (0.92) [ID:1] (906, 239, 936, 284)
  wrapper (0.95) [ID:2] (718, 295, 893, 474)
  yellow_mustard_sauce (0.90) [ID:3] (875, 214, 903, 303)
  hand (0.86) [ID:76] (533, 381, 598, 458)
  hot-dog (0.83) [ID:103] (393, 418, 435, 488)
Frame 597:
  ketchup_sauce (0.92) [ID:1] (906, 239, 936, 284)
  wrapper (0.95) [ID:2] (718, 295, 893, 474)
  yellow_mustard_sauce (0.90) [ID:3] (875, 214, 903, 303)
  hand (0.86) [ID:76] (542, 362, 612, 451)
  hot-dog (0.79) [ID:103] (400, 413, 445, 486)
Frame 598:
  ketchup_sauce (0.92) [ID:1] (906, 239, 936, 284)
  wrapper (0.95) [ID:2] (718, 295, 893, 474)
  yellow_mustard_sauce (0.89) [ID:3] (875, 214, 903, 303)
  hand (0.88) [ID:76] (551, 351, 617, 438)
Frame 599:
  ketchup_sauce (0.92) [ID:1] (906, 239, 936, 284)
  wrapper (0.95) [ID:2] (718, 295, 893, 474)
  yellow_mustard_sauce (0.90) [ID:3] (875, 214, 903, 303)
  hand (0.87) [ID:76] (559, 343, 625, 430)
  hand (0.79) [ID:103] (423, 400, 469, 477)
Frame 600:
  ketchup_sauce (0.92) [ID:1] (906, 239, 936, 284)
  wrapper (0.95) [ID:2] (718, 295, 893, 474)
  yellow_mustard_sauce (0.90) [ID:3] (875, 214, 903, 303)
  hand (0.86) [ID:76] (566, 337, 631, 420)
  hand (0.58) [ID:103] (430, 394, 485, 475)
Frame 601:
  ketchup_sauce (0.92) [ID:1] (906, 239, 936, 284)
  wrapper (0.95) [ID:2] (718, 295, 893, 474)
  yellow_mustard_sauce (0.90) [ID:3] (875, 214, 903, 303)
  hand (0.87) [ID:76] (570, 330, 637, 415)
Frame 602:
  ketchup_sauce (0.92) [ID:1] (906, 239, 936, 284)
  wrapper (0.95) [ID:2] (719, 295, 893, 474)
  yellow_mustard_sauce (0.90) [ID:3] (875, 214, 903, 303)
  hand (0.90) [ID:76] (576, 328, 637, 410)
  hand (0.57) [ID:112] (443, 405, 488, 469)
Frame 603:
  ketchup_sauce (0.92) [ID:1] (906, 239, 936, 284)
  wrapper (0.95) [ID:2] (719, 295, 893, 474)
  yellow_mustard_sauce (0.90) [ID:3] (875, 214, 903, 303)
  hand (0.89) [ID:76] (579, 327, 637, 407)
  hand (0.73) [ID:112] (451, 409, 482, 464)
Frame 604:
  ketchup_sauce (0.92) [ID:1] (906, 239, 936, 284)
  wrapper (0.95) [ID:2] (718, 295, 893, 474)
  yellow_mustard_sauce (0.90) [ID:3] (875, 214, 903, 303)
  hand (0.88) [ID:76] (579, 328, 638, 416)
  hand (0.80) [ID:112] (459, 406, 488, 462)
Frame 605:
  ketchup_sauce (0.92) [ID:1] (906, 239, 936, 284)
  wrapper (0.96) [ID:2] (718, 295, 893, 474)
  yellow_mustard_sauce (0.91) [ID:3] (875, 214, 903, 303)
  hand (0.86) [ID:76] (581, 328, 639, 416)
  hand (0.80) [ID:112] (463, 399, 490, 459)
  hot-dog (0.71) [ID:103] (482, 373, 518, 449)
Frame 606:
  ketchup_sauce (0.92) [ID:1] (906, 239, 936, 284)
  wrapper (0.96) [ID:2] (718, 295, 893, 474)
  yellow_mustard_sauce (0.90) [ID:3] (875, 214, 903, 303)
  hand (0.86) [ID:76] (586, 329, 641, 434)
  hand (0.79) [ID:112] (468, 397, 494, 452)
  hot-dog (0.76) [ID:103] (485, 368, 522, 446)
Frame 607:
  ketchup_sauce (0.92) [ID:1] (906, 239, 936, 284)
  wrapper (0.96) [ID:2] (718, 295, 893, 474)
  yellow_mustard_sauce (0.90) [ID:3] (875, 214, 903, 303)
  hand (0.89) [ID:76] (595, 327, 647, 439)
  hand (0.77) [ID:112] (472, 394, 499, 448)
  hot-dog (0.76) [ID:103] (490, 359, 526, 441)
Frame 608:
  ketchup_sauce (0.92) [ID:1] (906, 239, 936, 284)
  wrapper (0.95) [ID:2] (718, 295, 893, 474)
  yellow_mustard_sauce (0.90) [ID:3] (875, 214, 903, 303)
  hand (0.89) [ID:76] (603, 327, 658, 434)
  hand (0.78) [ID:112] (477, 389, 504, 447)
  hot-dog (0.82) [ID:103] (495, 358, 528, 438)
Frame 609:
  ketchup_sauce (0.92) [ID:1] (906, 239, 936, 284)
  wrapper (0.96) [ID:2] (718, 295, 893, 475)
  yellow_mustard_sauce (0.92) [ID:3] (875, 214, 903, 303)
  hand (0.88) [ID:76] (624, 338, 674, 427)
  hand (0.75) [ID:112] (480, 385, 505, 441)
  hot-dog (0.84) [ID:103] (498, 354, 528, 434)
Frame 610:
  ketchup_sauce (0.92) [ID:1] (906, 239, 936, 284)
  wrapper (0.96) [ID:2] (718, 295, 893, 474)
  yellow_mustard_sauce (0.92) [ID:3] (875, 214, 903, 303)
  hand (0.88) [ID:76] (647, 333, 694, 427)
  hand (0.80) [ID:112] (479, 382, 515, 449)
  hot-dog (0.85) [ID:103] (501, 351, 529, 430)
  hot-dog (0.93) [ID:114] (594, 324, 645, 396)
Frame 611:
  ketchup_sauce (0.92) [ID:1] (906, 239, 936, 284)
  wrapper (0.96) [ID:2] (721, 295, 892, 474)
  yellow_mustard_sauce (0.92) [ID:3] (875, 214, 903, 303)
  hand (0.65) [ID:76] (675, 325, 722, 431)
  hand (0.85) [ID:112] (480, 382, 518, 448)
  hot-dog (0.85) [ID:103] (502, 349, 529, 428)
  hot-dog (0.94) [ID:114] (595, 324, 646, 395)
Frame 612:
  ketchup_sauce (0.92) [ID:1] (906, 239, 936, 284)
  wrapper (0.95) [ID:2] (731, 295, 892, 474)
  yellow_mustard_sauce (0.92) [ID:3] (875, 214, 903, 303)
  hand (0.79) [ID:112] (489, 385, 523, 442)
  hot-dog (0.85) [ID:103] (502, 348, 532, 428)
  hot-dog (0.94) [ID:114] (595, 324, 646, 395)
Frame 613:
  ketchup_sauce (0.92) [ID:1] (906, 239, 936, 284)
  wrapper (0.94) [ID:2] (718, 297, 893, 475)
  yellow_mustard_sauce (0.92) [ID:3] (875, 214, 903, 303)
  hand (0.61) [ID:112] (494, 388, 524, 435)
  hot-dog (0.86) [ID:103] (501, 349, 535, 429)
  hot-dog (0.94) [ID:114] (595, 325, 646, 396)
Frame 614:
  ketchup_sauce (0.92) [ID:1] (906, 238, 936, 284)
  wrapper (0.91) [ID:2] (719, 303, 892, 475)
  yellow_mustard_sauce (0.92) [ID:3] (875, 214, 903, 303)
  hot-dog (0.88) [ID:103] (501, 351, 541, 431)
  hot-dog (0.94) [ID:114] (595, 325, 646, 396)
Frame 615:
  ketchup_sauce (0.92) [ID:1] (906, 238, 936, 284)
  wrapper (0.85) [ID:2] (789, 309, 892, 474)
  yellow_mustard_sauce (0.91) [ID:3] (874, 214, 903, 303)
  hot-dog (0.89) [ID:103] (503, 354, 546, 429)
  hot-dog (0.95) [ID:114] (595, 325, 646, 395)
  wrapper (0.83) [ID:76] (719, 294, 782, 456)
Frame 616:
  ketchup_sauce (0.92) [ID:1] (906, 238, 936, 284)
  wrapper (0.61) [ID:2] (805, 309, 893, 473)
  yellow_mustard_sauce (0.91) [ID:3] (874, 213, 903, 303)
  hot-dog (0.90) [ID:103] (506, 358, 552, 424)
  hot-dog (0.94) [ID:114] (595, 325, 647, 395)
  wrapper (0.89) [ID:76] (719, 295, 798, 450)
Frame 617:
  ketchup_sauce (0.92) [ID:1] (906, 238, 936, 284)
  yellow_mustard_sauce (0.89) [ID:3] (874, 214, 903, 303)
  hot-dog (0.87) [ID:103] (510, 363, 547, 411)
  hot-dog (0.94) [ID:114] (595, 325, 647, 395)
  wrapper (0.92) [ID:76] (720, 294, 811, 445)
  hand (0.87) [ID:119] (812, 244, 858, 307)
Frame 618:
  ketchup_sauce (0.91) [ID:1] (906, 238, 936, 284)
  yellow_mustard_sauce (0.88) [ID:3] (874, 213, 903, 302)
  hot-dog (0.88) [ID:103] (514, 366, 548, 414)
  hot-dog (0.94) [ID:114] (595, 325, 647, 396)
  wrapper (0.91) [ID:76] (720, 295, 821, 442)
  hand (0.89) [ID:119] (826, 238, 873, 303)
Frame 619:
  ketchup_sauce (0.90) [ID:1] (906, 238, 936, 284)
  yellow_mustard_sauce (0.87) [ID:3] (875, 213, 903, 303)
  hot-dog (0.88) [ID:103] (518, 370, 551, 422)
  hot-dog (0.95) [ID:114] (594, 325, 647, 396)
  wrapper (0.89) [ID:76] (719, 294, 828, 439)
  hand (0.85) [ID:119] (835, 236, 880, 292)
Frame 620:
  ketchup_sauce (0.90) [ID:1] (906, 238, 936, 284)
  yellow_mustard_sauce (0.84) [ID:3] (875, 213, 902, 295)
  hot-dog (0.87) [ID:103] (524, 375, 556, 433)
  hot-dog (0.94) [ID:114] (593, 326, 647, 392)
  wrapper (0.88) [ID:76] (719, 295, 831, 437)
  hand (0.87) [ID:119] (842, 235, 887, 291)
Frame 621:
  ketchup_sauce (0.92) [ID:1] (906, 238, 936, 284)
  yellow_mustard_sauce (0.76) [ID:3] (876, 213, 902, 265)
  hot-dog (0.91) [ID:103] (529, 380, 563, 430)
  hot-dog (0.94) [ID:114] (595, 326, 647, 383)
  wrapper (0.89) [ID:76] (719, 295, 837, 437)
  hand (0.77) [ID:119] (846, 236, 895, 295)
  yellow_mustard_sauce (0.81) [ID:121] (875, 263, 903, 302)
Frame 622:
  ketchup_sauce (0.91) [ID:1] (906, 238, 936, 283)
  yellow_mustard_sauce (0.76) [ID:3] (876, 213, 902, 264)
  hot-dog (0.93) [ID:103] (534, 383, 570, 435)
  hot-dog (0.93) [ID:114] (597, 326, 647, 374)
  wrapper (0.90) [ID:76] (720, 295, 839, 433)
  hand (0.73) [ID:119] (853, 240, 898, 291)
  yellow_mustard_sauce (0.78) [ID:121] (879, 268, 903, 301)
  hand (0.77) [ID:124] (540, 422, 560, 459)
Frame 623:
  ketchup_sauce (0.91) [ID:1] (906, 238, 936, 283)
  yellow_mustard_sauce (0.81) [ID:3] (876, 213, 902, 255)
  hot-dog (0.93) [ID:103] (537, 383, 575, 439)
  hot-dog (0.88) [ID:114] (595, 326, 647, 377)
  wrapper (0.89) [ID:76] (721, 295, 845, 430)
  hand (0.71) [ID:119] (860, 242, 902, 289)
  yellow_mustard_sauce (0.65) [ID:121] (881, 273, 904, 302)
  hand (0.70) [ID:124] (543, 423, 571, 460)
Frame 624:
  ketchup_sauce (0.91) [ID:1] (907, 238, 936, 283)
  yellow_mustard_sauce (0.79) [ID:3] (876, 213, 902, 251)
  hot-dog (0.92) [ID:103] (539, 384, 582, 445)
  hot-dog (0.89) [ID:114] (595, 326, 647, 379)
  wrapper (0.90) [ID:76] (721, 295, 847, 428)
  hand (0.75) [ID:119] (865, 246, 905, 293)
  hand (0.64) [ID:124] (548, 423, 582, 461)
Frame 625:
  ketchup_sauce (0.90) [ID:1] (908, 238, 936, 283)
  yellow_mustard_sauce (0.80) [ID:3] (876, 213, 902, 253)
  hot-dog (0.92) [ID:103] (541, 384, 589, 447)
  hot-dog (0.85) [ID:114] (595, 325, 647, 384)
  wrapper (0.91) [ID:76] (721, 295, 850, 428)
  hand (0.69) [ID:119] (866, 250, 909, 297)
  hand (0.81) [ID:124] (552, 424, 595, 495)
Frame 626:
  ketchup_sauce (0.91) [ID:1] (908, 239, 936, 282)
  yellow_mustard_sauce (0.77) [ID:3] (876, 214, 902, 253)
  hot-dog (0.92) [ID:103] (543, 384, 597, 449)
  hot-dog (0.88) [ID:114] (594, 326, 647, 391)
  wrapper (0.89) [ID:76] (724, 295, 853, 424)
  hand (0.80) [ID:119] (869, 250, 909, 299)
  hand (0.83) [ID:124] (553, 424, 600, 498)
Frame 627:
  ketchup_sauce (0.91) [ID:1] (908, 239, 936, 282)
  yellow_mustard_sauce (0.86) [ID:3] (876, 214, 902, 254)
  hot-dog (0.93) [ID:103] (545, 385, 602, 450)
  hot-dog (0.92) [ID:114] (594, 326, 646, 396)
  wrapper (0.91) [ID:76] (726, 295, 857, 422)
  hand (0.83) [ID:119] (875, 251, 909, 297)
  hand (0.80) [ID:124] (555, 424, 602, 498)
Frame 628:
  ketchup_sauce (0.89) [ID:1] (908, 238, 936, 281)
  yellow_mustard_sauce (0.87) [ID:3] (876, 214, 902, 254)
  hot-dog (0.93) [ID:103] (547, 385, 605, 449)
  hot-dog (0.92) [ID:114] (594, 326, 645, 398)
  wrapper (0.92) [ID:76] (728, 295, 861, 421)
  hand (0.81) [ID:119] (878, 250, 909, 295)
  hand (0.81) [ID:124] (554, 421, 604, 499)
Frame 629:
  ketchup_sauce (0.87) [ID:1] (909, 238, 938, 280)
  yellow_mustard_sauce (0.87) [ID:3] (876, 214, 902, 254)
  hot-dog (0.93) [ID:103] (549, 385, 608, 449)
  hot-dog (0.92) [ID:114] (593, 326, 646, 398)
  wrapper (0.92) [ID:76] (729, 295, 862, 421)
  hand (0.82) [ID:119] (878, 249, 910, 296)
  hand (0.80) [ID:124] (557, 428, 606, 499)
Frame 630:
  ketchup_sauce (0.87) [ID:1] (911, 237, 942, 280)
  yellow_mustard_sauce (0.86) [ID:3] (876, 214, 903, 255)
  hot-dog (0.93) [ID:103] (551, 384, 609, 449)
  hot-dog (0.92) [ID:114] (594, 326, 646, 400)
  wrapper (0.92) [ID:76] (729, 295, 863, 419)
  hand (0.83) [ID:119] (878, 249, 911, 297)
  hand (0.75) [ID:124] (558, 426, 607, 497)
Frame 631:
  ketchup_sauce (0.87) [ID:1] (912, 237, 943, 280)
  yellow_mustard_sauce (0.87) [ID:3] (876, 213, 903, 255)
  hot-dog (0.93) [ID:103] (554, 383, 611, 448)
  hot-dog (0.92) [ID:114] (593, 326, 646, 402)
  wrapper (0.91) [ID:76] (729, 295, 863, 419)
  hand (0.83) [ID:119] (879, 248, 912, 298)
  hand (0.74) [ID:124] (563, 424, 610, 496)
  hand (0.66) [ID:125] (560, 421, 609, 464)
Frame 632:
  ketchup_sauce (0.87) [ID:1] (912, 237, 943, 280)
  yellow_mustard_sauce (0.89) [ID:3] (876, 213, 903, 255)
  hot-dog (0.93) [ID:103] (557, 380, 613, 447)
  hot-dog (0.92) [ID:114] (594, 326, 647, 404)
  wrapper (0.92) [ID:76] (729, 295, 863, 419)
  hand (0.83) [ID:119] (879, 247, 914, 298)
  hand (0.69) [ID:124] (565, 422, 613, 495)
  hand (0.77) [ID:125] (563, 420, 611, 463)
Frame 633:
  ketchup_sauce (0.87) [ID:1] (912, 237, 942, 280)
  yellow_mustard_sauce (0.88) [ID:3] (877, 214, 902, 253)
  hot-dog (0.93) [ID:103] (558, 377, 611, 442)
  hot-dog (0.92) [ID:114] (593, 326, 647, 403)
  wrapper (0.92) [ID:76] (729, 295, 864, 421)
  hand (0.83) [ID:119] (881, 247, 913, 298)
  hand (0.78) [ID:124] (568, 420, 612, 494)
Frame 634:
  ketchup_sauce (0.86) [ID:1] (911, 239, 939, 280)
  yellow_mustard_sauce (0.87) [ID:3] (878, 214, 902, 250)
  hot-dog (0.93) [ID:103] (560, 374, 609, 439)
  hot-dog (0.93) [ID:114] (593, 326, 647, 401)
  wrapper (0.92) [ID:76] (728, 296, 863, 424)
  hand (0.83) [ID:119] (881, 245, 913, 296)
  hand (0.75) [ID:124] (570, 418, 611, 489)
  hand (0.62) [ID:125] (569, 417, 610, 469)
Frame 635:
  ketchup_sauce (0.88) [ID:1] (911, 240, 936, 280)
  yellow_mustard_sauce (0.87) [ID:3] (878, 219, 902, 249)
  hot-dog (0.93) [ID:103] (563, 373, 605, 436)
  hot-dog (0.93) [ID:114] (594, 326, 646, 397)
  wrapper (0.92) [ID:76] (728, 296, 866, 426)
  hand (0.83) [ID:119] (881, 245, 913, 295)
  hand (0.76) [ID:125] (571, 415, 606, 459)
Frame 636:
  ketchup_sauce (0.86) [ID:1] (912, 240, 938, 280)
  yellow_mustard_sauce (0.88) [ID:3] (878, 222, 902, 250)
  hot-dog (0.93) [ID:103] (565, 370, 603, 430)
  hot-dog (0.93) [ID:114] (594, 326, 646, 392)
  wrapper (0.92) [ID:76] (727, 296, 868, 428)
  hand (0.81) [ID:119] (882, 244, 914, 292)
  hand (0.81) [ID:125] (570, 414, 600, 457)
Frame 637:
  ketchup_sauce (0.85) [ID:1] (912, 240, 938, 281)
  yellow_mustard_sauce (0.84) [ID:3] (878, 224, 904, 258)
  hot-dog (0.93) [ID:103] (567, 368, 600, 422)
  hot-dog (0.92) [ID:114] (594, 326, 647, 388)
  wrapper (0.92) [ID:76] (723, 296, 872, 429)
  hand (0.78) [ID:119] (884, 246, 914, 295)
  hand (0.83) [ID:125] (572, 414, 595, 452)
  yellow_mustard_sauce (0.64) [ID:127] (871, 255, 890, 293)
Frame 638:
  ketchup_sauce (0.90) [ID:1] (910, 240, 936, 282)
  yellow_mustard_sauce (0.85) [ID:3] (878, 225, 905, 261)
  hot-dog (0.92) [ID:103] (567, 366, 597, 418)
  hot-dog (0.92) [ID:114] (594, 326, 647, 385)
  wrapper (0.93) [ID:76] (720, 296, 876, 430)
  hand (0.76) [ID:119] (882, 249, 912, 301)
  hand (0.81) [ID:125] (571, 413, 589, 453)
  yellow_mustard_sauce (0.81) [ID:127] (866, 267, 887, 295)
Frame 639:
  ketchup_sauce (0.91) [ID:1] (907, 240, 935, 283)
  yellow_mustard_sauce (0.82) [ID:3] (877, 226, 906, 268)
  hot-dog (0.90) [ID:103] (566, 366, 594, 415)
  hot-dog (0.92) [ID:114] (594, 326, 647, 383)
  wrapper (0.93) [ID:76] (722, 296, 876, 431)
  hand (0.82) [ID:119] (872, 252, 908, 308)
  yellow_mustard_sauce (0.81) [ID:127] (858, 269, 884, 298)
Frame 640:
  ketchup_sauce (0.91) [ID:1] (904, 240, 935, 284)
  yellow_mustard_sauce (0.85) [ID:3] (869, 232, 903, 274)
  hot-dog (0.87) [ID:103] (563, 365, 590, 408)
  hot-dog (0.90) [ID:114] (594, 326, 647, 378)
  wrapper (0.95) [ID:76] (722, 296, 873, 434)
  yellow_mustard_sauce (0.68) [ID:127] (847, 271, 877, 302)
Frame 641:
  ketchup_sauce (0.91) [ID:1] (904, 240, 935, 284)
  yellow_mustard_sauce (0.87) [ID:3] (860, 234, 899, 284)
  hot-dog (0.85) [ID:103] (560, 364, 586, 403)
  hot-dog (0.93) [ID:114] (598, 326, 647, 366)
  wrapper (0.95) [ID:76] (721, 295, 864, 438)
  yellow_mustard_sauce (0.86) [ID:127] (830, 277, 866, 310)
  hand (0.73) [ID:128] (860, 279, 888, 330)
Frame 642:
  ketchup_sauce (0.90) [ID:1] (904, 240, 935, 285)
  hot-dog (0.78) [ID:103] (557, 364, 582, 400)
  hot-dog (0.93) [ID:114] (596, 326, 647, 369)
  wrapper (0.96) [ID:76] (721, 295, 850, 440)
  hand (0.68) [ID:127] (834, 291, 868, 343)
Frame 643:
  ketchup_sauce (0.92) [ID:1] (904, 240, 934, 286)
  hot-dog (0.94) [ID:114] (596, 326, 647, 376)
  wrapper (0.95) [ID:76] (720, 294, 834, 446)
  hand (0.75) [ID:127] (817, 305, 847, 363)
  yellow_mustard_sauce (0.85) [ID:129] (795, 243, 872, 329)
Frame 644:
  ketchup_sauce (0.93) [ID:1] (904, 240, 934, 287)
  hot-dog (0.94) [ID:114] (595, 326, 647, 381)
  wrapper (0.92) [ID:76] (719, 295, 824, 452)
  hand (0.77) [ID:127] (800, 309, 833, 363)
  yellow_mustard_sauce (0.73) [ID:129] (771, 251, 850, 343)
Frame 645:
  ketchup_sauce (0.93) [ID:1] (904, 240, 934, 287)
  hot-dog (0.94) [ID:114] (595, 326, 646, 387)
  wrapper (0.92) [ID:76] (720, 296, 816, 454)
  hand (0.83) [ID:127] (778, 317, 814, 369)
  yellow_mustard_sauce (0.83) [ID:129] (751, 252, 828, 344)
Frame 646:
  ketchup_sauce (0.93) [ID:1] (904, 240, 934, 287)
  hot-dog (0.94) [ID:114] (594, 326, 647, 391)
  wrapper (0.90) [ID:76] (719, 303, 893, 471)
  hand (0.84) [ID:127] (755, 317, 804, 378)
  yellow_mustard_sauce (0.87) [ID:129] (727, 256, 809, 347)
  hot-dog (0.72) [ID:103] (549, 356, 579, 385)
Frame 647:
  ketchup_sauce (0.93) [ID:1] (904, 240, 934, 287)
  hot-dog (0.94) [ID:114] (594, 326, 647, 394)
  wrapper (0.92) [ID:76] (720, 300, 893, 472)
  hand (0.86) [ID:127] (734, 318, 784, 376)
  yellow_mustard_sauce (0.89) [ID:129] (710, 251, 794, 345)
Frame 648:
  ketchup_sauce (0.93) [ID:1] (904, 240, 934, 287)
  hot-dog (0.94) [ID:114] (595, 325, 647, 395)
  wrapper (0.94) [ID:76] (719, 298, 893, 473)
  hand (0.82) [ID:127] (716, 315, 767, 364)
  yellow_mustard_sauce (0.84) [ID:129] (695, 260, 781, 341)
  hot-dog (0.74) [ID:103] (542, 356, 575, 391)
  yellow_mustard_sauce (0.62) [ID:131] (878, 212, 905, 240)
Frame 649:
  ketchup_sauce (0.93) [ID:1] (904, 240, 934, 287)
  hot-dog (0.94) [ID:114] (595, 325, 647, 396)
  wrapper (0.94) [ID:76] (717, 297, 892, 473)
  yellow_mustard_sauce (0.87) [ID:129] (684, 276, 759, 332)
  hot-dog (0.84) [ID:103] (538, 355, 572, 394)
  yellow_mustard_sauce (0.74) [ID:131] (878, 212, 905, 239)
Frame 650:
  ketchup_sauce (0.92) [ID:1] (904, 240, 934, 287)
  hot-dog (0.94) [ID:114] (595, 325, 647, 396)
  wrapper (0.95) [ID:76] (734, 295, 892, 473)
  yellow_mustard_sauce (0.88) [ID:129] (670, 289, 742, 344)
  hot-dog (0.86) [ID:103] (533, 357, 573, 398)
  yellow_mustard_sauce (0.71) [ID:131] (878, 212, 905, 239)
Frame 651:
  ketchup_sauce (0.92) [ID:1] (904, 240, 934, 287)
  hot-dog (0.94) [ID:114] (595, 325, 647, 395)
  wrapper (0.95) [ID:76] (731, 296, 892, 474)
  yellow_mustard_sauce (0.80) [ID:129] (654, 294, 728, 353)
  hot-dog (0.87) [ID:103] (530, 361, 574, 405)
  yellow_mustard_sauce (0.58) [ID:131] (878, 212, 905, 239)
Frame 652:
  ketchup_sauce (0.92) [ID:1] (904, 240, 934, 288)
  hot-dog (0.93) [ID:114] (595, 326, 645, 395)
  wrapper (0.96) [ID:76] (729, 296, 892, 474)
  yellow_mustard_sauce (0.57) [ID:129] (632, 296, 714, 353)
  hot-dog (0.86) [ID:103] (528, 362, 575, 414)
  yellow_mustard_sauce (0.66) [ID:131] (878, 212, 905, 239)
Frame 653:
  ketchup_sauce (0.92) [ID:1] (904, 240, 934, 287)
  hot-dog (0.88) [ID:114] (595, 332, 639, 395)
  wrapper (0.96) [ID:76] (727, 295, 892, 474)
  yellow_mustard_sauce (0.67) [ID:129] (622, 299, 691, 348)
  hot-dog (0.88) [ID:103] (526, 365, 576, 426)
  yellow_mustard_sauce (0.68) [ID:131] (878, 212, 905, 239)
Frame 654:
  ketchup_sauce (0.92) [ID:1] (904, 240, 934, 287)
  hot-dog (0.87) [ID:114] (595, 343, 637, 395)
  wrapper (0.96) [ID:76] (727, 295, 892, 474)
  yellow_mustard_sauce (0.81) [ID:129] (615, 295, 669, 352)
  hot-dog (0.89) [ID:103] (526, 368, 575, 434)
  yellow_mustard_sauce (0.69) [ID:131] (878, 212, 905, 239)
  hand (0.84) [ID:112] (639, 331, 677, 374)
Frame 655:
  ketchup_sauce (0.92) [ID:1] (904, 240, 934, 287)
  hot-dog (0.71) [ID:114] (595, 349, 634, 395)
  wrapper (0.96) [ID:76] (726, 295, 892, 474)
  yellow_mustard_sauce (0.87) [ID:129] (609, 294, 651, 354)
  hot-dog (0.90) [ID:103] (527, 371, 573, 435)
  hand (0.81) [ID:112] (633, 329, 670, 381)
Frame 656:
  ketchup_sauce (0.92) [ID:1] (904, 240, 934, 287)
  hot-dog (0.71) [ID:114] (596, 351, 632, 395)
  wrapper (0.96) [ID:76] (725, 295, 892, 474)
  yellow_mustard_sauce (0.85) [ID:129] (602, 295, 646, 363)
  hot-dog (0.89) [ID:103] (525, 375, 571, 441)
  yellow_mustard_sauce (0.57) [ID:131] (878, 212, 905, 239)
  hand (0.82) [ID:112] (626, 332, 665, 388)
Frame 657:
  ketchup_sauce (0.92) [ID:1] (904, 240, 934, 287)
  wrapper (0.96) [ID:76] (725, 295, 892, 474)
  yellow_mustard_sauce (0.88) [ID:129] (599, 298, 646, 372)
  hot-dog (0.87) [ID:103] (524, 379, 570, 443)
  yellow_mustard_sauce (0.62) [ID:131] (878, 212, 905, 239)
  hand (0.86) [ID:112] (618, 334, 660, 389)
Frame 658:
  ketchup_sauce (0.92) [ID:1] (904, 240, 934, 287)
  wrapper (0.96) [ID:76] (724, 295, 892, 474)
  yellow_mustard_sauce (0.87) [ID:129] (597, 301, 641, 363)
  hot-dog (0.85) [ID:103] (523, 383, 568, 446)
  yellow_mustard_sauce (0.67) [ID:131] (878, 212, 905, 239)
  hand (0.84) [ID:112] (618, 335, 655, 389)
Frame 659:
  ketchup_sauce (0.92) [ID:1] (904, 240, 934, 287)
  wrapper (0.96) [ID:76] (724, 295, 892, 474)
  yellow_mustard_sauce (0.89) [ID:129] (595, 301, 635, 361)
  hot-dog (0.86) [ID:103] (520, 385, 564, 447)
  yellow_mustard_sauce (0.73) [ID:131] (878, 212, 905, 239)
  hand (0.84) [ID:112] (614, 332, 652, 388)
Frame 660:
  ketchup_sauce (0.92) [ID:1] (904, 240, 934, 288)
  wrapper (0.96) [ID:76] (724, 295, 892, 474)
  yellow_mustard_sauce (0.88) [ID:129] (591, 303, 631, 362)
  hot-dog (0.88) [ID:103] (519, 387, 563, 449)
  yellow_mustard_sauce (0.86) [ID:131] (878, 212, 905, 239)
  hand (0.86) [ID:112] (611, 330, 648, 388)
Frame 661:
  ketchup_sauce (0.92) [ID:1] (904, 240, 934, 288)
  wrapper (0.96) [ID:76] (724, 295, 892, 474)
  yellow_mustard_sauce (0.87) [ID:129] (588, 303, 628, 358)
  hot-dog (0.90) [ID:103] (519, 388, 563, 450)
  yellow_mustard_sauce (0.87) [ID:131] (878, 212, 905, 239)
  hand (0.87) [ID:112] (607, 331, 646, 388)
Frame 662:
  ketchup_sauce (0.92) [ID:1] (904, 240, 934, 288)
  wrapper (0.96) [ID:76] (724, 295, 892, 474)
  yellow_mustard_sauce (0.87) [ID:129] (587, 303, 624, 358)
  hot-dog (0.90) [ID:103] (518, 388, 564, 453)
  yellow_mustard_sauce (0.87) [ID:131] (878, 212, 905, 239)
  hand (0.87) [ID:112] (606, 331, 645, 388)
Frame 663:
  ketchup_sauce (0.92) [ID:1] (904, 240, 934, 288)
  wrapper (0.96) [ID:76] (724, 295, 892, 475)
  yellow_mustard_sauce (0.85) [ID:129] (587, 303, 623, 358)
  hot-dog (0.90) [ID:103] (518, 388, 564, 455)
  yellow_mustard_sauce (0.86) [ID:131] (878, 212, 905, 239)
  hand (0.86) [ID:112] (606, 331, 645, 388)
Frame 664:
  ketchup_sauce (0.92) [ID:1] (904, 240, 934, 288)
  wrapper (0.96) [ID:76] (724, 295, 892, 474)
  yellow_mustard_sauce (0.80) [ID:129] (588, 301, 623, 358)
  hot-dog (0.90) [ID:103] (518, 387, 566, 456)
  yellow_mustard_sauce (0.86) [ID:131] (878, 212, 905, 239)
  hand (0.85) [ID:112] (601, 331, 644, 386)
Frame 665:
  ketchup_sauce (0.92) [ID:1] (904, 240, 934, 288)
  wrapper (0.96) [ID:76] (724, 295, 892, 474)
  yellow_mustard_sauce (0.80) [ID:129] (591, 297, 627, 352)
  hot-dog (0.91) [ID:103] (519, 386, 568, 456)
  yellow_mustard_sauce (0.86) [ID:131] (878, 212, 905, 239)
  hand (0.85) [ID:112] (605, 330, 645, 382)
Frame 666:
  ketchup_sauce (0.92) [ID:1] (904, 240, 934, 288)
  wrapper (0.96) [ID:76] (724, 295, 892, 474)
  yellow_mustard_sauce (0.85) [ID:129] (594, 293, 632, 351)
  hot-dog (0.91) [ID:103] (521, 386, 570, 456)
  yellow_mustard_sauce (0.84) [ID:131] (878, 212, 905, 239)
  hand (0.84) [ID:112] (611, 324, 648, 377)
  hot-dog (0.81) [ID:134] (594, 351, 628, 393)
Frame 667:
  ketchup_sauce (0.92) [ID:1] (904, 240, 934, 288)
  wrapper (0.96) [ID:76] (724, 295, 892, 474)
  hot-dog (0.89) [ID:103] (523, 385, 572, 456)
  yellow_mustard_sauce (0.81) [ID:131] (878, 212, 905, 239)
  hand (0.84) [ID:112] (615, 318, 653, 372)
  hot-dog (0.87) [ID:134] (593, 344, 633, 394)
  yellow_mustard_sauce (0.89) [ID:15] (601, 287, 638, 343)
Frame 668:
  ketchup_sauce (0.92) [ID:1] (904, 240, 934, 288)
  wrapper (0.96) [ID:76] (725, 295, 892, 474)
  hot-dog (0.86) [ID:103] (526, 384, 574, 456)
  yellow_mustard_sauce (0.83) [ID:131] (878, 212, 905, 239)
  hand (0.85) [ID:112] (624, 308, 656, 366)
  hot-dog (0.88) [ID:134] (593, 338, 636, 395)
  yellow_mustard_sauce (0.87) [ID:15] (605, 279, 646, 338)
Frame 669:
  ketchup_sauce (0.92) [ID:1] (904, 240, 934, 288)
  wrapper (0.96) [ID:76] (725, 295, 892, 474)
  hot-dog (0.87) [ID:103] (531, 382, 577, 454)
  yellow_mustard_sauce (0.82) [ID:131] (878, 212, 905, 239)
  hand (0.86) [ID:112] (629, 305, 663, 361)
  hot-dog (0.89) [ID:134] (593, 329, 639, 395)
  hand (0.53) [ID:135] (543, 466, 565, 493)
  yellow_mustard_sauce (0.86) [ID:15] (611, 273, 653, 330)
Frame 670:
  ketchup_sauce (0.92) [ID:1] (904, 240, 934, 288)
  wrapper (0.96) [ID:76] (726, 295, 892, 474)
  hot-dog (0.87) [ID:103] (538, 378, 580, 450)
  yellow_mustard_sauce (0.80) [ID:131] (878, 212, 905, 239)
  hand (0.87) [ID:112] (627, 301, 668, 357)
  hot-dog (0.90) [ID:134] (593, 327, 642, 395)
  yellow_mustard_sauce (0.90) [ID:15] (618, 267, 659, 322)
Frame 671:
  ketchup_sauce (0.92) [ID:1] (904, 240, 934, 288)
  wrapper (0.96) [ID:76] (726, 295, 892, 474)
  hot-dog (0.89) [ID:103] (542, 376, 585, 447)
  yellow_mustard_sauce (0.81) [ID:131] (878, 212, 905, 239)
  hand (0.89) [ID:112] (620, 296, 671, 355)
  hot-dog (0.91) [ID:134] (594, 327, 644, 395)
  yellow_mustard_sauce (0.90) [ID:15] (621, 262, 664, 319)
Frame 672:
  ketchup_sauce (0.92) [ID:1] (904, 240, 934, 288)
  wrapper (0.96) [ID:76] (727, 295, 892, 474)
  hot-dog (0.89) [ID:103] (547, 373, 589, 443)
  yellow_mustard_sauce (0.80) [ID:131] (878, 212, 905, 239)
  hand (0.88) [ID:112] (623, 297, 674, 354)
  hot-dog (0.91) [ID:134] (593, 327, 645, 397)
  yellow_mustard_sauce (0.84) [ID:15] (622, 258, 668, 318)
  hand (0.81) [ID:137] (532, 402, 569, 465)
Frame 673:
  ketchup_sauce (0.92) [ID:1] (904, 240, 934, 288)
  wrapper (0.96) [ID:76] (726, 296, 892, 474)
  hot-dog (0.88) [ID:103] (549, 368, 592, 439)
  yellow_mustard_sauce (0.80) [ID:131] (878, 212, 905, 239)
  hand (0.88) [ID:112] (623, 298, 676, 355)
  hot-dog (0.90) [ID:134] (594, 328, 645, 397)
  yellow_mustard_sauce (0.83) [ID:15] (623, 255, 673, 317)
  hand (0.87) [ID:137] (536, 397, 573, 465)
Frame 674:
  ketchup_sauce (0.92) [ID:1] (904, 240, 934, 288)
  wrapper (0.96) [ID:76] (726, 296, 892, 474)
  hot-dog (0.86) [ID:103] (556, 360, 595, 435)
  yellow_mustard_sauce (0.79) [ID:131] (878, 212, 905, 239)
  hand (0.86) [ID:112] (622, 305, 676, 357)
  hot-dog (0.89) [ID:134] (594, 331, 643, 397)
  yellow_mustard_sauce (0.81) [ID:15] (623, 255, 677, 319)
  hand (0.87) [ID:137] (538, 388, 575, 463)
Frame 675:
  ketchup_sauce (0.92) [ID:1] (904, 240, 934, 288)
  wrapper (0.96) [ID:76] (726, 296, 892, 474)
  hot-dog (0.87) [ID:103] (561, 353, 598, 431)
  yellow_mustard_sauce (0.81) [ID:131] (878, 212, 905, 239)
  hand (0.87) [ID:112] (629, 309, 676, 364)
  hot-dog (0.89) [ID:134] (596, 333, 643, 404)
  yellow_mustard_sauce (0.70) [ID:15] (620, 257, 679, 330)
  hand (0.87) [ID:137] (543, 383, 576, 462)
Frame 676:
  ketchup_sauce (0.92) [ID:1] (904, 240, 934, 288)
  wrapper (0.96) [ID:76] (726, 295, 892, 474)
  hot-dog (0.71) [ID:103] (568, 350, 601, 424)
  yellow_mustard_sauce (0.78) [ID:131] (878, 212, 905, 239)
  hand (0.88) [ID:112] (630, 312, 673, 369)
  hot-dog (0.88) [ID:134] (601, 343, 641, 403)
  yellow_mustard_sauce (0.89) [ID:15] (613, 263, 678, 344)
  hand (0.84) [ID:137] (545, 376, 583, 458)
Frame 677:
  ketchup_sauce (0.92) [ID:1] (904, 240, 934, 288)
  wrapper (0.96) [ID:76] (726, 295, 892, 474)
  hot-dog (0.84) [ID:103] (574, 344, 610, 418)
  yellow_mustard_sauce (0.74) [ID:131] (878, 212, 905, 239)
  hand (0.86) [ID:112] (633, 319, 675, 376)
  yellow_mustard_sauce (0.88) [ID:15] (609, 270, 675, 360)
  hand (0.84) [ID:137] (550, 371, 589, 446)
Frame 678:
  ketchup_sauce (0.92) [ID:1] (904, 240, 934, 288)
  wrapper (0.96) [ID:76] (725, 295, 892, 474)
  yellow_mustard_sauce (0.64) [ID:131] (878, 212, 905, 239)
  hand (0.86) [ID:112] (635, 327, 673, 384)
  yellow_mustard_sauce (0.88) [ID:15] (607, 279, 671, 362)
  hand (0.85) [ID:137] (554, 364, 595, 446)
Frame 679:
  ketchup_sauce (0.93) [ID:1] (904, 240, 934, 288)
  wrapper (0.96) [ID:76] (725, 295, 892, 474)
  yellow_mustard_sauce (0.65) [ID:131] (878, 212, 905, 239)
  hand (0.83) [ID:112] (635, 334, 673, 391)
  yellow_mustard_sauce (0.88) [ID:15] (606, 289, 667, 372)
  hand (0.83) [ID:137] (557, 362, 600, 439)
Frame 680:
  ketchup_sauce (0.92) [ID:1] (904, 240, 934, 288)
  wrapper (0.96) [ID:76] (725, 295, 892, 474)
  yellow_mustard_sauce (0.69) [ID:131] (878, 212, 905, 239)
  hand (0.84) [ID:112] (634, 345, 672, 395)
  yellow_mustard_sauce (0.91) [ID:15] (606, 298, 664, 383)
  hand (0.80) [ID:137] (563, 346, 610, 428)
Frame 681:
  ketchup_sauce (0.92) [ID:1] (904, 240, 934, 288)
  wrapper (0.96) [ID:76] (724, 295, 892, 475)
  yellow_mustard_sauce (0.66) [ID:131] (878, 212, 905, 239)
  hand (0.81) [ID:112] (637, 347, 671, 399)
  yellow_mustard_sauce (0.90) [ID:15] (607, 305, 664, 387)
  hand (0.84) [ID:137] (573, 347, 621, 428)
Frame 682:
  ketchup_sauce (0.92) [ID:1] (904, 240, 934, 288)
  wrapper (0.96) [ID:76] (724, 295, 892, 475)
  yellow_mustard_sauce (0.60) [ID:131] (878, 212, 905, 239)
  hand (0.79) [ID:112] (636, 361, 673, 401)
  yellow_mustard_sauce (0.88) [ID:15] (611, 309, 664, 386)
  hand (0.83) [ID:137] (579, 342, 624, 423)
Frame 683:
  ketchup_sauce (0.93) [ID:1] (904, 240, 934, 288)
  wrapper (0.96) [ID:76] (724, 295, 892, 475)
  yellow_mustard_sauce (0.56) [ID:131] (878, 212, 905, 239)
  hand (0.80) [ID:112] (640, 363, 678, 402)
  yellow_mustard_sauce (0.87) [ID:15] (616, 311, 669, 389)
  hand (0.84) [ID:137] (584, 341, 623, 421)
Frame 684:
  ketchup_sauce (0.93) [ID:1] (904, 240, 934, 288)
  wrapper (0.96) [ID:76] (725, 295, 892, 475)
  hand (0.79) [ID:112] (647, 356, 685, 402)
  yellow_mustard_sauce (0.85) [ID:15] (623, 311, 677, 384)
  hand (0.85) [ID:137] (588, 341, 627, 420)
Frame 685:
  ketchup_sauce (0.93) [ID:1] (904, 240, 934, 288)
  wrapper (0.96) [ID:76] (725, 295, 892, 475)
  yellow_mustard_sauce (0.50) [ID:131] (878, 212, 905, 239)
  hand (0.81) [ID:112] (657, 355, 690, 400)
  yellow_mustard_sauce (0.87) [ID:15] (629, 308, 686, 382)
  hand (0.83) [ID:137] (593, 351, 635, 420)
Frame 686:
  ketchup_sauce (0.92) [ID:1] (904, 240, 934, 288)
  wrapper (0.96) [ID:76] (726, 295, 892, 475)
  yellow_mustard_sauce (0.56) [ID:131] (878, 212, 905, 239)
  hand (0.82) [ID:112] (662, 348, 699, 398)
  yellow_mustard_sauce (0.87) [ID:15] (637, 303, 698, 378)
  hand (0.82) [ID:137] (597, 342, 639, 420)
  hot-dog (0.86) [ID:103] (593, 326, 638, 386)
Frame 687:
  ketchup_sauce (0.92) [ID:1] (904, 240, 934, 288)
  wrapper (0.96) [ID:76] (727, 295, 892, 474)
  yellow_mustard_sauce (0.68) [ID:131] (878, 212, 905, 239)
  hand (0.85) [ID:112] (675, 348, 709, 398)
  yellow_mustard_sauce (0.91) [ID:15] (647, 298, 709, 366)
  hand (0.83) [ID:137] (602, 349, 642, 420)
  hot-dog (0.89) [ID:103] (594, 325, 641, 391)
Frame 688:
  ketchup_sauce (0.92) [ID:1] (904, 240, 934, 288)
  wrapper (0.96) [ID:76] (728, 295, 892, 474)
  yellow_mustard_sauce (0.75) [ID:131] (878, 212, 905, 239)
  hand (0.81) [ID:112] (682, 339, 719, 396)
  yellow_mustard_sauce (0.89) [ID:15] (661, 294, 722, 356)
  hand (0.80) [ID:137] (607, 347, 649, 420)
  hot-dog (0.93) [ID:103] (594, 325, 646, 394)
Frame 689:
  ketchup_sauce (0.92) [ID:1] (904, 240, 934, 288)
  wrapper (0.95) [ID:76] (729, 295, 892, 473)
  yellow_mustard_sauce (0.75) [ID:131] (878, 212, 905, 239)
  hand (0.86) [ID:112] (691, 325, 729, 392)
  yellow_mustard_sauce (0.88) [ID:15] (671, 289, 734, 359)
  hand (0.81) [ID:137] (618, 355, 652, 422)
  hot-dog (0.93) [ID:103] (594, 325, 648, 395)
  hot-dog (0.79) [ID:134] (643, 349, 683, 407)
Frame 690:
  ketchup_sauce (0.92) [ID:1] (904, 240, 934, 288)
  wrapper (0.95) [ID:76] (737, 295, 892, 473)
  yellow_mustard_sauce (0.81) [ID:131] (878, 212, 905, 239)
  hand (0.85) [ID:112] (699, 327, 736, 392)
  yellow_mustard_sauce (0.90) [ID:15] (680, 286, 746, 358)
  hand (0.84) [ID:137] (621, 356, 657, 422)
  hot-dog (0.94) [ID:103] (594, 325, 648, 395)
  hot-dog (0.86) [ID:134] (650, 347, 694, 409)
Frame 691:
  ketchup_sauce (0.92) [ID:1] (904, 240, 934, 288)
  wrapper (0.93) [ID:76] (737, 296, 893, 473)
  yellow_mustard_sauce (0.84) [ID:131] (878, 212, 905, 239)
  hand (0.86) [ID:112] (708, 329, 746, 387)
  yellow_mustard_sauce (0.86) [ID:15] (691, 283, 755, 349)
  hand (0.79) [ID:137] (626, 354, 664, 423)
  hot-dog (0.95) [ID:103] (594, 325, 648, 395)
  hot-dog (0.85) [ID:134] (654, 337, 697, 410)
Frame 692:
  ketchup_sauce (0.92) [ID:1] (904, 240, 934, 288)
  wrapper (0.94) [ID:76] (716, 298, 893, 474)
  yellow_mustard_sauce (0.86) [ID:131] (878, 212, 905, 239)
  hand (0.84) [ID:112] (721, 328, 755, 384)
  yellow_mustard_sauce (0.86) [ID:15] (699, 279, 770, 351)
  hand (0.81) [ID:137] (639, 356, 669, 422)
  hot-dog (0.95) [ID:103] (594, 325, 648, 395)
  hot-dog (0.88) [ID:134] (660, 342, 707, 412)
Frame 693:
  ketchup_sauce (0.92) [ID:1] (904, 240, 934, 288)
  wrapper (0.93) [ID:76] (717, 301, 892, 473)
  yellow_mustard_sauce (0.87) [ID:131] (878, 212, 905, 239)
  hand (0.80) [ID:112] (717, 325, 764, 388)
  yellow_mustard_sauce (0.87) [ID:15] (712, 274, 782, 345)
  hand (0.79) [ID:137] (643, 359, 674, 422)
  hot-dog (0.94) [ID:103] (594, 325, 648, 395)
  hot-dog (0.86) [ID:134] (666, 340, 714, 414)
Frame 694:
  ketchup_sauce (0.92) [ID:1] (904, 240, 934, 288)
  wrapper (0.93) [ID:76] (718, 302, 893, 474)
  yellow_mustard_sauce (0.86) [ID:131] (878, 212, 905, 239)
  hand (0.85) [ID:112] (734, 322, 774, 378)
  yellow_mustard_sauce (0.85) [ID:15] (721, 271, 796, 344)
  hand (0.74) [ID:137] (650, 363, 680, 422)
  hot-dog (0.95) [ID:103] (594, 325, 648, 395)
  hot-dog (0.91) [ID:134] (671, 343, 727, 415)
Frame 695:
  ketchup_sauce (0.92) [ID:1] (904, 240, 934, 288)
  wrapper (0.92) [ID:76] (719, 304, 892, 473)
  yellow_mustard_sauce (0.78) [ID:131] (878, 212, 905, 239)
  hand (0.83) [ID:112] (751, 322, 788, 384)
  yellow_mustard_sauce (0.85) [ID:15] (735, 266, 810, 342)
  hand (0.85) [ID:137] (656, 365, 684, 422)
  hot-dog (0.95) [ID:103] (593, 325, 648, 395)
  hot-dog (0.91) [ID:134] (677, 342, 730, 416)
Frame 696:
  ketchup_sauce (0.92) [ID:1] (904, 240, 934, 288)
  wrapper (0.73) [ID:76] (746, 306, 892, 473)
  yellow_mustard_sauce (0.62) [ID:131] (878, 212, 905, 239)
  hand (0.81) [ID:112] (768, 317, 805, 377)
  yellow_mustard_sauce (0.81) [ID:15] (747, 259, 821, 344)
  hand (0.84) [ID:137] (659, 367, 689, 424)
  hot-dog (0.95) [ID:103] (593, 325, 648, 395)
  hot-dog (0.89) [ID:134] (681, 341, 735, 417)
Frame 697:
  ketchup_sauce (0.92) [ID:1] (904, 240, 934, 288)
  wrapper (0.86) [ID:76] (718, 294, 811, 472)
  yellow_mustard_sauce (0.55) [ID:131] (878, 212, 905, 239)
  hand (0.76) [ID:112] (783, 310, 814, 365)
  yellow_mustard_sauce (0.67) [ID:15] (776, 249, 833, 330)
  hand (0.85) [ID:137] (662, 368, 693, 427)
  hot-dog (0.95) [ID:103] (594, 325, 648, 395)
  hot-dog (0.91) [ID:134] (684, 344, 742, 420)
Frame 698:
  ketchup_sauce (0.92) [ID:1] (904, 240, 934, 288)
  wrapper (0.95) [ID:76] (717, 297, 822, 473)
  hand (0.73) [ID:112] (805, 302, 832, 372)
  hand (0.73) [ID:137] (654, 368, 695, 433)
  hot-dog (0.95) [ID:103] (594, 325, 648, 395)
  hot-dog (0.92) [ID:134] (686, 346, 744, 421)
Frame 699:
  ketchup_sauce (0.91) [ID:1] (904, 240, 934, 287)
  wrapper (0.94) [ID:76] (717, 295, 830, 475)
  hand (0.81) [ID:137] (655, 370, 696, 432)
  hot-dog (0.95) [ID:103] (594, 325, 648, 394)
  hot-dog (0.92) [ID:134] (688, 348, 744, 423)
  yellow_mustard_sauce (0.88) [ID:15] (810, 232, 867, 297)
Frame 700:
  ketchup_sauce (0.91) [ID:1] (904, 240, 934, 286)
  wrapper (0.96) [ID:76] (717, 295, 844, 474)
  hand (0.78) [ID:137] (662, 371, 697, 430)
  hot-dog (0.95) [ID:103] (594, 325, 648, 393)
  hot-dog (0.92) [ID:134] (688, 349, 744, 424)
  yellow_mustard_sauce (0.88) [ID:15] (832, 225, 881, 287)
  yellow_mustard_sauce (0.68) [ID:131] (879, 212, 905, 238)
Frame 701:
  ketchup_sauce (0.92) [ID:1] (904, 240, 934, 286)
  wrapper (0.95) [ID:76] (718, 296, 853, 474)
  hand (0.82) [ID:137] (665, 372, 697, 427)
  hot-dog (0.95) [ID:103] (594, 325, 647, 395)
  hot-dog (0.92) [ID:134] (689, 348, 743, 424)
  yellow_mustard_sauce (0.89) [ID:15] (848, 218, 896, 278)
  yellow_mustard_sauce (0.61) [ID:131] (864, 215, 904, 239)
  hand (0.83) [ID:128] (842, 263, 882, 333)
Frame 702:
  ketchup_sauce (0.92) [ID:1] (904, 240, 934, 286)
  wrapper (0.95) [ID:76] (718, 296, 858, 472)
  hand (0.82) [ID:137] (668, 372, 696, 424)
  hot-dog (0.94) [ID:103] (593, 325, 647, 396)
  hot-dog (0.90) [ID:134] (689, 347, 741, 424)
  yellow_mustard_sauce (0.88) [ID:15] (863, 215, 903, 270)
  hand (0.85) [ID:128] (848, 255, 898, 328)
Frame 703:
  ketchup_sauce (0.93) [ID:1] (906, 240, 934, 285)
  wrapper (0.95) [ID:76] (719, 296, 861, 469)
  hand (0.75) [ID:137] (669, 373, 693, 414)
  hot-dog (0.94) [ID:103] (593, 325, 647, 396)
  hot-dog (0.88) [ID:134] (690, 348, 737, 424)
  yellow_mustard_sauce (0.81) [ID:15] (873, 213, 908, 264)
  hand (0.89) [ID:128] (855, 251, 907, 319)
Frame 704:
  ketchup_sauce (0.92) [ID:1] (910, 240, 934, 284)
  wrapper (0.95) [ID:76] (719, 296, 863, 467)
  hand (0.68) [ID:137] (671, 373, 692, 406)
  hot-dog (0.94) [ID:103] (593, 325, 647, 396)
  hot-dog (0.87) [ID:134] (691, 348, 731, 425)
  yellow_mustard_sauce (0.61) [ID:15] (879, 215, 911, 258)
  hand (0.87) [ID:128] (860, 250, 910, 313)
Frame 705:
  ketchup_sauce (0.92) [ID:1] (913, 240, 935, 282)
  wrapper (0.95) [ID:76] (719, 296, 865, 465)
  hot-dog (0.94) [ID:103] (593, 325, 647, 397)
  hot-dog (0.86) [ID:134] (689, 347, 727, 422)
  hand (0.88) [ID:128] (861, 254, 913, 310)
Frame 706:
  ketchup_sauce (0.90) [ID:1] (914, 240, 941, 281)
  wrapper (0.94) [ID:76] (719, 296, 866, 462)
  hot-dog (0.94) [ID:103] (593, 325, 647, 397)
  hot-dog (0.85) [ID:134] (688, 345, 723, 417)
  hand (0.86) [ID:128] (862, 256, 913, 309)
Frame 707:
  ketchup_sauce (0.90) [ID:1] (914, 239, 942, 281)
  wrapper (0.94) [ID:76] (722, 296, 867, 460)
  hot-dog (0.94) [ID:103] (593, 325, 647, 396)
  hot-dog (0.85) [ID:134] (687, 344, 720, 405)
  hand (0.87) [ID:128] (862, 254, 913, 309)
Frame 708:
  ketchup_sauce (0.90) [ID:1] (912, 240, 940, 281)
  wrapper (0.94) [ID:76] (723, 296, 867, 459)
  hot-dog (0.94) [ID:103] (593, 325, 647, 395)
  hot-dog (0.79) [ID:134] (688, 345, 716, 396)
  hand (0.86) [ID:128] (863, 257, 912, 308)
Frame 709:
  ketchup_sauce (0.91) [ID:1] (909, 240, 936, 282)
  wrapper (0.94) [ID:76] (725, 296, 868, 459)
  hot-dog (0.94) [ID:103] (593, 325, 647, 395)
  hand (0.85) [ID:128] (863, 260, 911, 308)
Frame 710:
  ketchup_sauce (0.93) [ID:1] (907, 240, 935, 282)
  wrapper (0.94) [ID:76] (726, 296, 869, 459)
  hot-dog (0.94) [ID:103] (593, 325, 647, 395)
  hot-dog (0.79) [ID:134] (682, 344, 708, 382)
  hand (0.83) [ID:128] (863, 262, 911, 309)
  yellow_mustard_sauce (0.62) [ID:131] (880, 212, 905, 238)
Frame 711:
  ketchup_sauce (0.93) [ID:1] (906, 240, 934, 282)
  wrapper (0.94) [ID:76] (726, 296, 870, 459)
  hot-dog (0.94) [ID:103] (593, 325, 646, 395)
  hot-dog (0.73) [ID:134] (679, 345, 704, 377)
  hand (0.83) [ID:128] (863, 264, 911, 311)
Frame 712:
  ketchup_sauce (0.92) [ID:1] (905, 240, 934, 282)
  wrapper (0.94) [ID:76] (727, 296, 871, 459)
  hot-dog (0.94) [ID:103] (593, 325, 646, 395)
  hand (0.83) [ID:128] (862, 265, 911, 315)
Frame 713:
  ketchup_sauce (0.93) [ID:1] (905, 240, 934, 283)
  wrapper (0.95) [ID:76] (727, 297, 876, 462)
  hot-dog (0.94) [ID:103] (593, 325, 646, 395)
  hand (0.87) [ID:128] (859, 264, 909, 333)
Frame 714:
  ketchup_sauce (0.92) [ID:1] (904, 240, 934, 285)
  wrapper (0.95) [ID:76] (727, 296, 880, 464)
  hot-dog (0.94) [ID:103] (593, 325, 646, 395)
  hand (0.88) [ID:128] (854, 266, 899, 352)
  yellow_mustard_sauce (0.79) [ID:146] (890, 282, 907, 313)
Frame 715:
  ketchup_sauce (0.93) [ID:1] (905, 240, 934, 285)
  wrapper (0.96) [ID:76] (727, 296, 883, 467)
  hot-dog (0.94) [ID:103] (593, 325, 646, 395)
  hand (0.88) [ID:128] (849, 280, 887, 364)
  yellow_mustard_sauce (0.88) [ID:146] (887, 284, 908, 314)
Frame 716:
  ketchup_sauce (0.93) [ID:1] (905, 240, 935, 286)
  wrapper (0.95) [ID:76] (727, 295, 883, 468)
  hot-dog (0.94) [ID:103] (593, 325, 646, 395)
  hand (0.88) [ID:128] (844, 295, 885, 380)
  yellow_mustard_sauce (0.86) [ID:146] (882, 284, 910, 313)
  yellow_mustard_sauce (0.60) [ID:131] (879, 212, 905, 238)
Frame 717:
  ketchup_sauce (0.93) [ID:1] (906, 240, 936, 287)
  wrapper (0.96) [ID:76] (727, 295, 887, 471)
  hot-dog (0.94) [ID:103] (593, 325, 646, 395)
  hand (0.87) [ID:128] (839, 323, 882, 392)
  yellow_mustard_sauce (0.86) [ID:146] (883, 283, 911, 313)
  yellow_mustard_sauce (0.81) [ID:131] (879, 212, 905, 238)
Frame 718:
  ketchup_sauce (0.93) [ID:1] (907, 240, 936, 287)
  wrapper (0.96) [ID:76] (727, 295, 891, 475)
  hot-dog (0.94) [ID:103] (593, 325, 646, 395)
  hand (0.87) [ID:128] (833, 344, 883, 415)
  yellow_mustard_sauce (0.87) [ID:146] (883, 283, 912, 311)
  yellow_mustard_sauce (0.84) [ID:131] (879, 212, 905, 238)
Frame 719:
  ketchup_sauce (0.93) [ID:1] (907, 240, 936, 288)
  wrapper (0.96) [ID:76] (727, 295, 892, 476)
  hot-dog (0.94) [ID:103] (593, 325, 647, 395)
  hand (0.88) [ID:128] (837, 364, 885, 431)
  yellow_mustard_sauce (0.87) [ID:146] (883, 283, 912, 311)
  yellow_mustard_sauce (0.85) [ID:131] (879, 212, 905, 238)
  yellow_mustard_sauce (0.84) [ID:147] (877, 238, 909, 308)
Frame 720:
  ketchup_sauce (0.93) [ID:1] (908, 240, 936, 287)
  wrapper (0.96) [ID:76] (726, 295, 892, 474)
  hot-dog (0.94) [ID:103] (593, 325, 646, 395)
  hand (0.89) [ID:128] (840, 382, 888, 444)
  yellow_mustard_sauce (0.85) [ID:146] (881, 271, 913, 310)
  yellow_mustard_sauce (0.80) [ID:131] (879, 212, 905, 238)
  yellow_mustard_sauce (0.87) [ID:147] (877, 238, 911, 307)
Frame 721:
  ketchup_sauce (0.94) [ID:1] (908, 240, 936, 287)
  wrapper (0.96) [ID:76] (725, 295, 892, 473)
  hot-dog (0.94) [ID:103] (593, 325, 647, 395)
  hand (0.88) [ID:128] (844, 390, 893, 460)
  yellow_mustard_sauce (0.85) [ID:146] (882, 267, 914, 308)
  yellow_mustard_sauce (0.50) [ID:131] (880, 212, 906, 234)
  yellow_mustard_sauce (0.90) [ID:147] (877, 234, 912, 305)
Frame 722:
  ketchup_sauce (0.93) [ID:1] (909, 240, 936, 286)
  wrapper (0.96) [ID:76] (724, 295, 892, 474)
  hot-dog (0.94) [ID:103] (593, 325, 647, 395)
  hand (0.89) [ID:128] (847, 399, 898, 481)
  yellow_mustard_sauce (0.75) [ID:146] (882, 275, 915, 307)
  yellow_mustard_sauce (0.90) [ID:147] (877, 230, 913, 305)
Frame 723:
  ketchup_sauce (0.94) [ID:1] (909, 240, 936, 285)
  wrapper (0.95) [ID:76] (726, 295, 892, 472)
  hot-dog (0.94) [ID:103] (593, 325, 646, 395)
  hand (0.89) [ID:128] (849, 404, 902, 499)
  yellow_mustard_sauce (0.90) [ID:147] (877, 227, 914, 305)
Frame 724:
  ketchup_sauce (0.94) [ID:1] (909, 239, 936, 285)
  wrapper (0.96) [ID:76] (720, 295, 892, 474)
  hot-dog (0.94) [ID:103] (593, 325, 646, 395)
  hand (0.89) [ID:128] (853, 413, 902, 509)
  yellow_mustard_sauce (0.89) [ID:147] (877, 224, 914, 305)
Frame 725:
  ketchup_sauce (0.93) [ID:1] (909, 239, 936, 285)
  wrapper (0.95) [ID:76] (720, 295, 892, 474)
  hot-dog (0.94) [ID:103] (593, 325, 646, 395)
  hand (0.88) [ID:128] (856, 424, 902, 516)
  yellow_mustard_sauce (0.89) [ID:147] (877, 220, 913, 305)
  hot-dog (0.87) [ID:150] (711, 358, 771, 426)
  hand (0.84) [ID:151] (687, 381, 721, 418)
Frame 726:
  ketchup_sauce (0.94) [ID:1] (908, 238, 936, 285)
  wrapper (0.95) [ID:76] (718, 295, 892, 473)
  hot-dog (0.94) [ID:103] (593, 325, 646, 395)
  hand (0.88) [ID:128] (855, 431, 901, 524)
  yellow_mustard_sauce (0.89) [ID:147] (877, 218, 911, 305)
  hot-dog (0.89) [ID:150] (717, 366, 782, 427)
  hand (0.83) [ID:151] (691, 382, 733, 438)
Frame 727:
  ketchup_sauce (0.94) [ID:1] (908, 238, 936, 286)
  wrapper (0.95) [ID:76] (720, 296, 894, 473)
  hot-dog (0.94) [ID:103] (593, 325, 646, 395)
  hand (0.89) [ID:128] (857, 437, 899, 525)
  yellow_mustard_sauce (0.90) [ID:147] (877, 216, 909, 304)
  hot-dog (0.89) [ID:150] (726, 369, 794, 425)
  hand (0.84) [ID:151] (694, 382, 741, 440)
Frame 728:
  ketchup_sauce (0.94) [ID:1] (907, 238, 936, 286)
  wrapper (0.95) [ID:76] (721, 296, 894, 473)
  hot-dog (0.94) [ID:103] (593, 325, 646, 395)
  hand (0.88) [ID:128] (856, 439, 898, 528)
  yellow_mustard_sauce (0.91) [ID:147] (876, 214, 907, 304)
  hot-dog (0.90) [ID:150] (735, 372, 806, 424)
  hand (0.80) [ID:151] (708, 383, 752, 434)
Frame 729:
  ketchup_sauce (0.93) [ID:1] (906, 238, 936, 286)
  wrapper (0.96) [ID:76] (724, 296, 894, 472)
  hot-dog (0.94) [ID:103] (593, 325, 646, 395)
  hand (0.88) [ID:128] (853, 442, 898, 530)
  yellow_mustard_sauce (0.92) [ID:147] (876, 213, 905, 303)
  hot-dog (0.89) [ID:150] (745, 370, 816, 424)
  hand (0.84) [ID:151] (719, 382, 762, 433)
Frame 730:
  ketchup_sauce (0.92) [ID:1] (906, 238, 936, 286)
  wrapper (0.96) [ID:76] (726, 296, 894, 473)
  hot-dog (0.94) [ID:103] (593, 325, 646, 395)
  hand (0.89) [ID:128] (852, 445, 898, 531)
  yellow_mustard_sauce (0.90) [ID:147] (875, 214, 904, 303)
  hot-dog (0.90) [ID:150] (755, 372, 827, 423)
  hand (0.84) [ID:151] (724, 384, 772, 434)
  knife (0.54) [ID:152] (932, 349, 985, 504)
Frame 731:
  ketchup_sauce (0.92) [ID:1] (906, 238, 936, 285)
  wrapper (0.96) [ID:76] (727, 296, 894, 473)
  hot-dog (0.94) [ID:103] (594, 325, 646, 395)
  hand (0.89) [ID:128] (853, 446, 899, 529)
  yellow_mustard_sauce (0.90) [ID:147] (875, 213, 903, 303)
  hot-dog (0.91) [ID:150] (761, 375, 833, 425)
  hand (0.82) [ID:151] (729, 384, 779, 435)
  knife (0.55) [ID:152] (932, 349, 985, 504)
Frame 732:
  ketchup_sauce (0.92) [ID:1] (906, 238, 936, 285)
  wrapper (0.96) [ID:76] (726, 296, 894, 472)
  hot-dog (0.94) [ID:103] (594, 325, 646, 395)
  hand (0.89) [ID:128] (853, 446, 900, 528)
  yellow_mustard_sauce (0.91) [ID:147] (875, 213, 903, 303)
  hot-dog (0.90) [ID:150] (769, 375, 840, 424)
  hand (0.81) [ID:151] (736, 383, 784, 435)
  knife (0.56) [ID:152] (932, 350, 985, 504)
Frame 733:
  ketchup_sauce (0.92) [ID:1] (906, 238, 936, 285)
  wrapper (0.96) [ID:76] (725, 296, 894, 472)
  hot-dog (0.94) [ID:103] (594, 325, 646, 395)
  hand (0.89) [ID:128] (855, 448, 903, 526)
  yellow_mustard_sauce (0.91) [ID:147] (875, 213, 904, 303)
  hot-dog (0.91) [ID:150] (774, 376, 845, 424)
  hand (0.81) [ID:151] (741, 383, 788, 436)
  knife (0.58) [ID:152] (932, 350, 985, 505)
Frame 734:
  ketchup_sauce (0.92) [ID:1] (906, 238, 936, 285)
  wrapper (0.96) [ID:76] (724, 296, 894, 472)
  hot-dog (0.94) [ID:103] (594, 325, 646, 395)
  hand (0.90) [ID:128] (856, 450, 905, 523)
  yellow_mustard_sauce (0.91) [ID:147] (875, 214, 903, 303)
  hot-dog (0.91) [ID:150] (779, 376, 851, 424)
  hand (0.83) [ID:151] (749, 382, 794, 435)
  knife (0.55) [ID:152] (933, 350, 985, 504)
Frame 735:
  ketchup_sauce (0.92) [ID:1] (906, 238, 936, 285)
  wrapper (0.96) [ID:76] (723, 296, 894, 473)
  hot-dog (0.94) [ID:103] (594, 325, 646, 395)
  hand (0.89) [ID:128] (857, 448, 908, 520)
  yellow_mustard_sauce (0.90) [ID:147] (875, 214, 903, 303)
  hot-dog (0.91) [ID:150] (783, 375, 854, 422)
  hand (0.83) [ID:151] (753, 382, 797, 434)
  knife (0.50) [ID:152] (932, 349, 985, 504)
Frame 736:
  ketchup_sauce (0.92) [ID:1] (906, 238, 936, 285)
  wrapper (0.97) [ID:76] (721, 296, 894, 474)
  hot-dog (0.94) [ID:103] (594, 325, 646, 395)
  hand (0.90) [ID:128] (857, 444, 911, 516)
  yellow_mustard_sauce (0.90) [ID:147] (875, 214, 903, 303)
  hot-dog (0.90) [ID:150] (786, 374, 856, 422)
  hand (0.85) [ID:151] (755, 380, 800, 435)
Frame 737:
  ketchup_sauce (0.92) [ID:1] (906, 238, 936, 285)
  wrapper (0.97) [ID:76] (720, 296, 894, 473)
  hot-dog (0.94) [ID:103] (594, 325, 646, 395)
  hand (0.89) [ID:128] (857, 440, 913, 513)
  yellow_mustard_sauce (0.90) [ID:147] (875, 214, 903, 303)
  hot-dog (0.89) [ID:150] (789, 372, 855, 421)
  hand (0.83) [ID:151] (757, 381, 800, 437)
Frame 738:
  ketchup_sauce (0.92) [ID:1] (906, 238, 936, 285)
  wrapper (0.97) [ID:76] (720, 296, 894, 471)
  hot-dog (0.94) [ID:103] (593, 325, 646, 395)
  hand (0.90) [ID:128] (857, 435, 918, 511)
  yellow_mustard_sauce (0.90) [ID:147] (875, 214, 903, 303)
  hot-dog (0.90) [ID:150] (790, 371, 855, 423)
  hand (0.82) [ID:151] (758, 382, 800, 438)
Frame 739:
  ketchup_sauce (0.92) [ID:1] (906, 238, 936, 285)
  wrapper (0.97) [ID:76] (719, 296, 894, 469)
  hot-dog (0.94) [ID:103] (594, 325, 646, 395)
  hand (0.87) [ID:128] (856, 431, 918, 501)
  yellow_mustard_sauce (0.90) [ID:147] (875, 214, 903, 303)
  hot-dog (0.91) [ID:150] (789, 371, 853, 425)
  hand (0.83) [ID:151] (758, 382, 800, 439)
Frame 740:
  ketchup_sauce (0.92) [ID:1] (906, 238, 936, 285)
  wrapper (0.97) [ID:76] (719, 296, 895, 467)
  hot-dog (0.94) [ID:103] (594, 325, 646, 395)
  hand (0.87) [ID:128] (855, 425, 917, 494)
  yellow_mustard_sauce (0.90) [ID:147] (875, 214, 903, 303)
  hot-dog (0.91) [ID:150] (788, 370, 852, 425)
  hand (0.83) [ID:151] (756, 383, 800, 441)
Frame 741:
  ketchup_sauce (0.92) [ID:1] (906, 238, 936, 285)
  wrapper (0.97) [ID:76] (718, 296, 895, 465)
  hot-dog (0.94) [ID:103] (594, 325, 646, 395)
  hand (0.88) [ID:128] (854, 419, 917, 486)
  yellow_mustard_sauce (0.90) [ID:147] (875, 214, 903, 303)
  hot-dog (0.92) [ID:150] (787, 370, 852, 427)
  hand (0.84) [ID:151] (756, 382, 800, 442)
Frame 742:
  ketchup_sauce (0.92) [ID:1] (906, 238, 936, 285)
  wrapper (0.96) [ID:76] (718, 296, 895, 465)
  hot-dog (0.94) [ID:103] (594, 325, 646, 395)
  hand (0.87) [ID:128] (853, 415, 914, 475)
  yellow_mustard_sauce (0.90) [ID:147] (875, 214, 903, 303)
  hot-dog (0.91) [ID:150] (787, 369, 851, 427)
  hand (0.85) [ID:151] (756, 382, 799, 444)
Frame 743:
  ketchup_sauce (0.92) [ID:1] (906, 238, 936, 285)
  wrapper (0.97) [ID:76] (718, 296, 895, 468)
  hot-dog (0.94) [ID:103] (594, 325, 646, 395)
  hand (0.87) [ID:128] (853, 410, 914, 466)
  yellow_mustard_sauce (0.90) [ID:147] (875, 214, 903, 303)
  hot-dog (0.91) [ID:150] (787, 368, 850, 423)
  hand (0.86) [ID:151] (754, 382, 799, 446)
Frame 744:
  ketchup_sauce (0.92) [ID:1] (906, 239, 936, 285)
  wrapper (0.97) [ID:76] (718, 296, 894, 470)
  hot-dog (0.94) [ID:103] (594, 325, 646, 395)
  hand (0.85) [ID:128] (853, 403, 913, 457)
  yellow_mustard_sauce (0.90) [ID:147] (875, 214, 903, 303)
  hot-dog (0.91) [ID:150] (788, 368, 848, 421)
  hand (0.86) [ID:151] (752, 382, 797, 448)
Frame 745:
  ketchup_sauce (0.92) [ID:1] (906, 239, 936, 285)
  wrapper (0.96) [ID:76] (718, 296, 895, 471)
  hot-dog (0.94) [ID:103] (593, 325, 646, 396)
  hand (0.85) [ID:128] (846, 395, 909, 447)
  yellow_mustard_sauce (0.90) [ID:147] (875, 214, 903, 303)
  hot-dog (0.91) [ID:150] (789, 370, 846, 420)
  hand (0.86) [ID:151] (751, 383, 795, 450)
Frame 746:
  ketchup_sauce (0.92) [ID:1] (906, 239, 936, 286)
  wrapper (0.96) [ID:76] (718, 296, 895, 472)
  hot-dog (0.94) [ID:103] (594, 325, 646, 396)
  hand (0.83) [ID:128] (838, 387, 903, 434)
  yellow_mustard_sauce (0.90) [ID:147] (875, 214, 903, 303)
  hot-dog (0.91) [ID:150] (789, 372, 844, 421)
  hand (0.87) [ID:151] (750, 383, 795, 452)
Frame 747:
  ketchup_sauce (0.92) [ID:1] (906, 239, 936, 286)
  wrapper (0.97) [ID:76] (718, 296, 894, 473)
  hot-dog (0.94) [ID:103] (593, 325, 646, 396)
  hand (0.80) [ID:128] (833, 376, 892, 422)
  yellow_mustard_sauce (0.90) [ID:147] (875, 214, 903, 303)
  hot-dog (0.91) [ID:150] (789, 372, 843, 422)
  hand (0.88) [ID:151] (749, 384, 793, 453)
Frame 748:
  ketchup_sauce (0.92) [ID:1] (906, 239, 936, 286)
  wrapper (0.96) [ID:76] (718, 296, 894, 473)
  hot-dog (0.94) [ID:103] (593, 325, 646, 396)
  hand (0.84) [ID:128] (828, 364, 884, 411)
  yellow_mustard_sauce (0.90) [ID:147] (875, 214, 903, 303)
  hot-dog (0.86) [ID:150] (787, 372, 830, 420)
  hand (0.88) [ID:151] (750, 384, 791, 453)
  knife (0.55) [ID:153] (956, 350, 985, 438)
Frame 749:
  ketchup_sauce (0.92) [ID:1] (906, 238, 936, 285)
  wrapper (0.96) [ID:76] (718, 296, 894, 474)
  hot-dog (0.94) [ID:103] (593, 325, 646, 396)
  hand (0.77) [ID:128] (820, 356, 878, 399)
  yellow_mustard_sauce (0.90) [ID:147] (875, 214, 903, 303)
  hot-dog (0.84) [ID:150] (786, 372, 821, 418)
  hand (0.88) [ID:151] (750, 381, 789, 451)
  knife (0.62) [ID:153] (957, 350, 985, 434)
Frame 750:
  ketchup_sauce (0.92) [ID:1] (906, 239, 936, 285)
  wrapper (0.96) [ID:76] (718, 296, 894, 474)
  hot-dog (0.94) [ID:103] (593, 325, 646, 396)
  hand (0.77) [ID:128] (808, 349, 868, 392)
  yellow_mustard_sauce (0.90) [ID:147] (875, 214, 903, 303)
  hand (0.88) [ID:151] (750, 378, 787, 450)
  knife (0.61) [ID:153] (958, 350, 985, 433)
Frame 751:
  ketchup_sauce (0.92) [ID:1] (906, 238, 936, 285)
  wrapper (0.96) [ID:76] (718, 297, 895, 474)
  hot-dog (0.94) [ID:103] (593, 325, 646, 396)
  hand (0.86) [ID:128] (796, 340, 857, 384)
  yellow_mustard_sauce (0.90) [ID:147] (875, 214, 903, 303)
  hand (0.88) [ID:151] (750, 378, 786, 448)
  knife (0.59) [ID:153] (959, 350, 985, 433)
Frame 752:
  ketchup_sauce (0.92) [ID:1] (906, 238, 936, 286)
  wrapper (0.96) [ID:76] (717, 296, 895, 474)
  hot-dog (0.94) [ID:103] (593, 325, 646, 396)
  hand (0.84) [ID:128] (786, 333, 855, 381)
  yellow_mustard_sauce (0.90) [ID:147] (875, 214, 903, 303)
  hand (0.87) [ID:151] (750, 378, 783, 445)
  knife (0.57) [ID:153] (959, 350, 985, 435)
Frame 753:
  ketchup_sauce (0.92) [ID:1] (906, 238, 936, 286)
  wrapper (0.96) [ID:76] (717, 296, 895, 474)
  hot-dog (0.94) [ID:103] (593, 324, 646, 396)
  hand (0.84) [ID:128] (783, 327, 849, 380)
  yellow_mustard_sauce (0.90) [ID:147] (875, 214, 903, 303)
  hand (0.87) [ID:151] (749, 377, 784, 442)
  knife (0.58) [ID:153] (958, 350, 985, 443)
Frame 754:
  ketchup_sauce (0.92) [ID:1] (906, 238, 936, 286)
  wrapper (0.96) [ID:76] (717, 296, 895, 474)
  hot-dog (0.94) [ID:103] (593, 325, 646, 396)
  hand (0.87) [ID:128] (781, 323, 846, 379)
  yellow_mustard_sauce (0.90) [ID:147] (875, 214, 903, 303)
  hand (0.89) [ID:151] (747, 378, 788, 439)
  knife (0.59) [ID:153] (958, 350, 985, 446)
Frame 755:
  ketchup_sauce (0.92) [ID:1] (906, 238, 936, 286)
  wrapper (0.96) [ID:76] (717, 296, 895, 474)
  hot-dog (0.94) [ID:103] (593, 324, 646, 396)
  hand (0.87) [ID:128] (781, 320, 847, 380)
  yellow_mustard_sauce (0.90) [ID:147] (875, 214, 903, 303)
  hand (0.90) [ID:151] (746, 378, 789, 437)
  knife (0.58) [ID:153] (958, 350, 985, 446)
Frame 756:
  ketchup_sauce (0.92) [ID:1] (906, 238, 936, 286)
  wrapper (0.96) [ID:76] (718, 296, 896, 474)
  hot-dog (0.94) [ID:103] (594, 324, 646, 396)
  hand (0.88) [ID:128] (780, 321, 847, 383)
  yellow_mustard_sauce (0.90) [ID:147] (875, 214, 903, 303)
  hand (0.90) [ID:151] (746, 378, 788, 435)
  knife (0.56) [ID:153] (958, 350, 985, 446)
Frame 757:
  ketchup_sauce (0.92) [ID:1] (906, 238, 936, 286)
  wrapper (0.96) [ID:76] (717, 296, 896, 474)
  hot-dog (0.94) [ID:103] (593, 324, 646, 396)
  hand (0.90) [ID:128] (778, 327, 849, 388)
  yellow_mustard_sauce (0.90) [ID:147] (875, 214, 903, 303)
  hand (0.89) [ID:151] (747, 378, 786, 434)
Frame 758:
  ketchup_sauce (0.92) [ID:1] (906, 238, 936, 286)
  wrapper (0.96) [ID:76] (717, 296, 896, 474)
  hot-dog (0.94) [ID:103] (593, 324, 646, 396)
  hand (0.89) [ID:128] (782, 337, 852, 397)
  yellow_mustard_sauce (0.90) [ID:147] (875, 214, 903, 303)
  hand (0.88) [ID:151] (748, 377, 784, 434)
Frame 759:
  ketchup_sauce (0.92) [ID:1] (906, 238, 936, 286)
  wrapper (0.96) [ID:76] (717, 296, 896, 474)
  hot-dog (0.94) [ID:103] (593, 325, 646, 396)
  hand (0.89) [ID:128] (782, 347, 854, 407)
  yellow_mustard_sauce (0.90) [ID:147] (875, 214, 903, 303)
  hand (0.88) [ID:151] (748, 375, 785, 434)
Frame 760:
  ketchup_sauce (0.92) [ID:1] (906, 238, 936, 286)
  wrapper (0.96) [ID:76] (717, 296, 896, 474)
  hot-dog (0.94) [ID:103] (593, 325, 646, 396)
  hand (0.89) [ID:128] (789, 356, 858, 415)
  yellow_mustard_sauce (0.91) [ID:147] (875, 214, 903, 303)
  hand (0.88) [ID:151] (748, 370, 786, 434)
Frame 761:
  ketchup_sauce (0.92) [ID:1] (906, 238, 936, 286)
  wrapper (0.96) [ID:76] (717, 296, 896, 474)
  hot-dog (0.94) [ID:103] (593, 325, 646, 396)
  hand (0.90) [ID:128] (784, 359, 858, 420)
  yellow_mustard_sauce (0.90) [ID:147] (875, 214, 903, 303)
  hand (0.88) [ID:151] (747, 370, 785, 439)
Frame 762:
  ketchup_sauce (0.92) [ID:1] (906, 238, 936, 286)
  wrapper (0.96) [ID:76] (717, 296, 896, 474)
  hot-dog (0.94) [ID:103] (593, 325, 646, 396)
  hand (0.89) [ID:128] (788, 360, 860, 421)
  yellow_mustard_sauce (0.90) [ID:147] (875, 214, 903, 303)
  hand (0.88) [ID:151] (745, 364, 784, 444)
Frame 763:
  ketchup_sauce (0.92) [ID:1] (906, 238, 936, 286)
  wrapper (0.96) [ID:76] (718, 296, 896, 474)
  hot-dog (0.94) [ID:103] (593, 324, 646, 396)
  hand (0.89) [ID:128] (789, 361, 862, 419)
  yellow_mustard_sauce (0.90) [ID:147] (875, 214, 903, 303)
  hand (0.87) [ID:151] (742, 365, 784, 451)
Frame 764:
  ketchup_sauce (0.92) [ID:1] (906, 238, 936, 286)
  wrapper (0.96) [ID:76] (718, 296, 896, 475)
  hot-dog (0.94) [ID:103] (593, 324, 646, 396)
  hand (0.89) [ID:128] (790, 361, 862, 416)
  yellow_mustard_sauce (0.90) [ID:147] (875, 214, 903, 303)
  hand (0.88) [ID:151] (742, 372, 784, 464)
Frame 765:
  ketchup_sauce (0.92) [ID:1] (906, 239, 936, 286)
  wrapper (0.96) [ID:76] (718, 296, 896, 475)
  hot-dog (0.94) [ID:103] (593, 325, 646, 396)
  hand (0.89) [ID:128] (787, 359, 863, 415)
  yellow_mustard_sauce (0.90) [ID:147] (875, 214, 903, 303)
  hand (0.88) [ID:151] (745, 392, 784, 473)
Frame 766:
  ketchup_sauce (0.92) [ID:1] (906, 239, 936, 286)
  wrapper (0.96) [ID:76] (716, 295, 896, 475)
  hot-dog (0.94) [ID:103] (593, 324, 646, 396)
  hand (0.88) [ID:128] (789, 357, 865, 413)
  yellow_mustard_sauce (0.90) [ID:147] (875, 214, 903, 303)
  hand (0.89) [ID:151] (747, 405, 786, 482)
Frame 767:
  ketchup_sauce (0.92) [ID:1] (906, 239, 936, 286)
  wrapper (0.96) [ID:76] (715, 295, 897, 475)
  hot-dog (0.94) [ID:103] (593, 324, 646, 396)
  hand (0.89) [ID:128] (791, 358, 864, 415)
  yellow_mustard_sauce (0.90) [ID:147] (875, 214, 903, 303)
  hand (0.87) [ID:151] (749, 415, 787, 489)
Frame 768:
  ketchup_sauce (0.92) [ID:1] (906, 239, 936, 286)
  wrapper (0.96) [ID:76] (713, 295, 899, 475)
  hot-dog (0.94) [ID:103] (593, 324, 646, 396)
  hand (0.88) [ID:128] (791, 362, 859, 415)
  yellow_mustard_sauce (0.90) [ID:147] (875, 214, 903, 303)
  hand (0.87) [ID:151] (750, 421, 790, 490)
  knife (0.50) [ID:153] (955, 350, 985, 443)
Frame 769:
  ketchup_sauce (0.92) [ID:1] (906, 239, 936, 286)
  wrapper (0.96) [ID:76] (711, 295, 900, 474)
  hot-dog (0.94) [ID:103] (593, 324, 646, 396)
  hand (0.88) [ID:128] (792, 365, 855, 416)
  yellow_mustard_sauce (0.90) [ID:147] (875, 214, 903, 303)
  hand (0.85) [ID:151] (750, 430, 796, 487)
  knife (0.50) [ID:153] (954, 350, 985, 445)
Frame 770:
  ketchup_sauce (0.92) [ID:1] (906, 239, 936, 286)
  wrapper (0.96) [ID:76] (709, 295, 899, 474)
  hot-dog (0.94) [ID:103] (593, 324, 646, 396)
  hand (0.88) [ID:128] (790, 371, 852, 423)
  yellow_mustard_sauce (0.90) [ID:147] (875, 214, 903, 303)
  hand (0.87) [ID:151] (746, 433, 794, 492)
Frame 771:
  ketchup_sauce (0.92) [ID:1] (906, 239, 936, 286)
  wrapper (0.96) [ID:76] (708, 295, 899, 474)
  hot-dog (0.94) [ID:103] (593, 324, 646, 396)
  hand (0.88) [ID:128] (789, 375, 851, 426)
  yellow_mustard_sauce (0.90) [ID:147] (875, 214, 903, 303)
  hand (0.83) [ID:151] (738, 433, 777, 493)
Frame 772:
  ketchup_sauce (0.92) [ID:1] (906, 239, 936, 286)
  wrapper (0.96) [ID:76] (707, 296, 900, 474)
  hot-dog (0.94) [ID:103] (593, 324, 646, 396)
  hand (0.83) [ID:128] (786, 379, 850, 430)
  yellow_mustard_sauce (0.90) [ID:147] (875, 214, 903, 303)
  hand (0.87) [ID:151] (728, 433, 763, 493)
Frame 773:
  ketchup_sauce (0.92) [ID:1] (906, 238, 936, 286)
  wrapper (0.96) [ID:76] (707, 297, 898, 474)
  hot-dog (0.94) [ID:103] (593, 324, 646, 396)
  hand (0.83) [ID:128] (776, 383, 848, 435)
  yellow_mustard_sauce (0.90) [ID:147] (875, 214, 903, 303)
  hand (0.89) [ID:151] (723, 432, 761, 495)
  knife (0.50) [ID:153] (951, 350, 985, 449)
Frame 774:
  ketchup_sauce (0.92) [ID:1] (906, 239, 936, 286)
  wrapper (0.95) [ID:76] (710, 297, 896, 474)
  hot-dog (0.94) [ID:103] (593, 324, 646, 396)
  hand (0.85) [ID:128] (773, 385, 850, 439)
  yellow_mustard_sauce (0.90) [ID:147] (875, 214, 903, 303)
  hand (0.88) [ID:151] (721, 428, 764, 495)
Frame 775:
  ketchup_sauce (0.92) [ID:1] (906, 239, 936, 286)
  wrapper (0.94) [ID:76] (709, 297, 896, 475)
  hot-dog (0.94) [ID:103] (593, 324, 646, 396)
  hand (0.87) [ID:128] (770, 384, 851, 441)
  yellow_mustard_sauce (0.90) [ID:147] (875, 214, 903, 303)
  hand (0.89) [ID:151] (728, 420, 767, 496)
Frame 776:
  ketchup_sauce (0.92) [ID:1] (906, 239, 936, 286)
  wrapper (0.94) [ID:76] (710, 297, 896, 475)
  hot-dog (0.94) [ID:103] (593, 324, 646, 396)
  hand (0.89) [ID:128] (772, 381, 849, 445)
  yellow_mustard_sauce (0.90) [ID:147] (875, 214, 903, 303)
  hand (0.87) [ID:151] (736, 413, 774, 491)
Frame 777:
  ketchup_sauce (0.92) [ID:1] (906, 239, 936, 286)
  wrapper (0.93) [ID:76] (711, 297, 896, 474)
  hot-dog (0.94) [ID:103] (593, 324, 646, 396)
  hand (0.90) [ID:128] (778, 380, 847, 449)
  yellow_mustard_sauce (0.90) [ID:147] (875, 214, 903, 303)
  hand (0.88) [ID:151] (739, 407, 782, 488)
Frame 778:
  ketchup_sauce (0.92) [ID:1] (906, 239, 936, 286)
  wrapper (0.91) [ID:76] (712, 297, 896, 466)
  hot-dog (0.94) [ID:103] (593, 324, 646, 396)
  hand (0.89) [ID:128] (786, 379, 851, 457)
  yellow_mustard_sauce (0.90) [ID:147] (875, 214, 903, 303)
  hand (0.88) [ID:151] (742, 405, 789, 488)
Frame 779:
  ketchup_sauce (0.92) [ID:1] (906, 239, 936, 286)
  wrapper (0.90) [ID:76] (716, 298, 898, 465)
  hot-dog (0.94) [ID:103] (593, 325, 646, 396)
  hand (0.89) [ID:128] (789, 379, 856, 463)
  yellow_mustard_sauce (0.90) [ID:147] (875, 214, 903, 303)
  hand (0.88) [ID:151] (745, 403, 797, 487)
Frame 780:
  ketchup_sauce (0.92) [ID:1] (907, 239, 936, 284)
  wrapper (0.85) [ID:76] (718, 299, 898, 464)
  hot-dog (0.94) [ID:103] (594, 324, 646, 396)
  hand (0.88) [ID:128] (795, 385, 862, 471)
  yellow_mustard_sauce (0.91) [ID:147] (875, 214, 904, 303)
  hand (0.88) [ID:151] (746, 402, 805, 483)
Frame 781:
  ketchup_sauce (0.92) [ID:1] (907, 239, 936, 284)
  wrapper (0.88) [ID:76] (719, 299, 898, 464)
  hot-dog (0.94) [ID:103] (594, 324, 646, 395)
  hand (0.88) [ID:128] (805, 399, 867, 476)
  yellow_mustard_sauce (0.91) [ID:147] (875, 214, 904, 303)
  hand (0.88) [ID:151] (748, 400, 807, 482)
Frame 782:
  ketchup_sauce (0.92) [ID:1] (907, 239, 936, 285)
  wrapper (0.91) [ID:76] (718, 299, 898, 466)
  hot-dog (0.94) [ID:103] (594, 324, 646, 395)
  hand (0.85) [ID:128] (819, 407, 874, 481)
  yellow_mustard_sauce (0.91) [ID:147] (875, 214, 904, 303)
  hand (0.88) [ID:151] (748, 398, 811, 483)
Frame 783:
  ketchup_sauce (0.92) [ID:1] (907, 239, 936, 285)
  wrapper (0.94) [ID:76] (719, 299, 898, 469)
  hot-dog (0.94) [ID:103] (594, 324, 646, 395)
  hand (0.86) [ID:128] (838, 416, 883, 487)
  yellow_mustard_sauce (0.91) [ID:147] (875, 214, 904, 303)
  hand (0.88) [ID:151] (748, 396, 813, 483)
Frame 784:
  ketchup_sauce (0.92) [ID:1] (907, 239, 936, 285)
  wrapper (0.88) [ID:76] (721, 299, 898, 472)
  hot-dog (0.94) [ID:103] (594, 324, 646, 395)
  hand (0.84) [ID:128] (850, 421, 892, 488)
  yellow_mustard_sauce (0.91) [ID:147] (875, 214, 904, 303)
  hand (0.87) [ID:151] (747, 397, 813, 482)
Frame 785:
  ketchup_sauce (0.92) [ID:1] (907, 239, 936, 285)
  wrapper (0.92) [ID:76] (720, 299, 899, 474)
  hot-dog (0.94) [ID:103] (594, 324, 646, 395)
  hand (0.85) [ID:128] (857, 424, 899, 485)
  yellow_mustard_sauce (0.91) [ID:147] (875, 214, 904, 303)
  hand (0.87) [ID:151] (747, 397, 812, 483)
Frame 786:
  ketchup_sauce (0.92) [ID:1] (906, 239, 936, 285)
  wrapper (0.93) [ID:76] (721, 300, 899, 476)
  hot-dog (0.94) [ID:103] (594, 324, 646, 395)
  hand (0.86) [ID:128] (862, 414, 907, 485)
  yellow_mustard_sauce (0.91) [ID:147] (875, 214, 904, 303)
  hand (0.87) [ID:151] (746, 399, 810, 484)
Frame 787:
  ketchup_sauce (0.92) [ID:1] (907, 239, 936, 284)
  wrapper (0.93) [ID:76] (721, 300, 898, 477)
  hot-dog (0.94) [ID:103] (594, 324, 646, 395)
  hand (0.88) [ID:128] (864, 410, 908, 482)
  yellow_mustard_sauce (0.91) [ID:147] (875, 214, 903, 303)
  hand (0.87) [ID:151] (745, 400, 809, 484)
Frame 788:
  ketchup_sauce (0.92) [ID:1] (907, 239, 936, 284)
  wrapper (0.95) [ID:76] (719, 299, 898, 475)
  hot-dog (0.94) [ID:103] (594, 324, 646, 395)
  hand (0.88) [ID:128] (861, 408, 904, 482)
  yellow_mustard_sauce (0.91) [ID:147] (875, 214, 904, 303)
  hand (0.88) [ID:151] (745, 401, 810, 483)
Frame 789:
  ketchup_sauce (0.92) [ID:1] (907, 239, 936, 284)
  wrapper (0.94) [ID:76] (719, 299, 896, 472)
  hot-dog (0.94) [ID:103] (594, 324, 646, 395)
  hand (0.86) [ID:128] (855, 408, 898, 479)
  yellow_mustard_sauce (0.91) [ID:147] (875, 214, 904, 303)
  hand (0.87) [ID:151] (744, 402, 810, 484)
Frame 790:
  ketchup_sauce (0.92) [ID:1] (907, 239, 936, 284)
  wrapper (0.92) [ID:76] (719, 300, 895, 470)
  hot-dog (0.94) [ID:103] (594, 324, 646, 395)
  hand (0.86) [ID:128] (842, 407, 888, 473)
  yellow_mustard_sauce (0.91) [ID:147] (875, 214, 904, 303)
  hand (0.87) [ID:151] (743, 401, 808, 485)
Frame 791:
  ketchup_sauce (0.92) [ID:1] (906, 239, 936, 285)
  wrapper (0.91) [ID:76] (719, 299, 895, 469)
  hot-dog (0.94) [ID:103] (594, 324, 646, 395)
  hand (0.87) [ID:128] (832, 408, 879, 467)
  yellow_mustard_sauce (0.91) [ID:147] (875, 214, 903, 303)
  hand (0.87) [ID:151] (743, 402, 806, 484)
Frame 792:
  ketchup_sauce (0.92) [ID:1] (906, 239, 936, 285)
  wrapper (0.95) [ID:76] (718, 299, 896, 465)
  hot-dog (0.94) [ID:103] (594, 324, 646, 395)
  hand (0.84) [ID:128] (820, 408, 876, 464)
  yellow_mustard_sauce (0.91) [ID:147] (875, 214, 903, 303)
  hand (0.87) [ID:151] (744, 404, 801, 484)
Frame 793:
  ketchup_sauce (0.92) [ID:1] (906, 239, 936, 285)
  wrapper (0.95) [ID:76] (719, 299, 896, 465)
  hot-dog (0.94) [ID:103] (594, 324, 646, 395)
  hand (0.85) [ID:128] (813, 402, 873, 464)
  yellow_mustard_sauce (0.91) [ID:147] (875, 214, 903, 303)
  hand (0.87) [ID:151] (743, 406, 801, 482)
Frame 794:
  ketchup_sauce (0.92) [ID:1] (906, 239, 936, 285)
  wrapper (0.95) [ID:76] (718, 300, 896, 463)
  hot-dog (0.94) [ID:103] (594, 324, 646, 395)
  hand (0.88) [ID:128] (809, 400, 872, 461)
  yellow_mustard_sauce (0.91) [ID:147] (875, 214, 903, 303)
  hand (0.88) [ID:151] (743, 407, 800, 479)
Frame 795:
  ketchup_sauce (0.92) [ID:1] (906, 239, 936, 285)
  wrapper (0.95) [ID:76] (718, 300, 896, 462)
  hot-dog (0.94) [ID:103] (594, 324, 646, 395)
  hand (0.87) [ID:128] (812, 400, 871, 458)
  yellow_mustard_sauce (0.91) [ID:147] (875, 214, 903, 303)
  hand (0.89) [ID:151] (741, 407, 799, 477)
Frame 796:
  ketchup_sauce (0.92) [ID:1] (906, 239, 936, 285)
  wrapper (0.94) [ID:76] (718, 300, 896, 460)
  hot-dog (0.94) [ID:103] (594, 324, 646, 395)
  hand (0.87) [ID:128] (813, 398, 868, 450)
  yellow_mustard_sauce (0.91) [ID:147] (875, 214, 903, 303)
  hand (0.89) [ID:151] (740, 407, 797, 474)
Frame 797:
  ketchup_sauce (0.92) [ID:1] (906, 239, 936, 285)
  wrapper (0.93) [ID:76] (719, 300, 896, 460)
  hot-dog (0.94) [ID:103] (594, 324, 646, 396)
  hand (0.88) [ID:128] (815, 392, 869, 445)
  yellow_mustard_sauce (0.91) [ID:147] (875, 214, 903, 303)
  hand (0.88) [ID:151] (738, 403, 792, 470)
Frame 798:
  ketchup_sauce (0.92) [ID:1] (906, 239, 936, 285)
  wrapper (0.91) [ID:76] (719, 300, 896, 453)
  hot-dog (0.94) [ID:103] (594, 324, 646, 396)
  hand (0.87) [ID:128] (815, 387, 871, 439)
  yellow_mustard_sauce (0.91) [ID:147] (875, 214, 903, 303)
  hand (0.86) [ID:151] (737, 396, 790, 463)
Frame 799:
  ketchup_sauce (0.92) [ID:1] (906, 239, 936, 286)
  wrapper (0.95) [ID:76] (720, 301, 896, 475)
  hot-dog (0.94) [ID:103] (594, 324, 646, 396)
  hand (0.90) [ID:128] (811, 378, 871, 431)
  yellow_mustard_sauce (0.90) [ID:147] (875, 214, 903, 303)
  hand (0.86) [ID:151] (734, 390, 790, 457)
Frame 800:
  ketchup_sauce (0.92) [ID:1] (906, 239, 936, 286)
  wrapper (0.96) [ID:76] (722, 301, 895, 475)
  hot-dog (0.94) [ID:103] (594, 324, 646, 396)
  hand (0.87) [ID:128] (816, 360, 871, 426)
  yellow_mustard_sauce (0.90) [ID:147] (875, 214, 903, 303)
  hand (0.86) [ID:151] (735, 382, 783, 447)
Frame 801:
  ketchup_sauce (0.92) [ID:1] (906, 239, 936, 286)
  wrapper (0.96) [ID:76] (725, 301, 895, 475)
  hot-dog (0.94) [ID:103] (594, 324, 646, 396)
  hand (0.89) [ID:128] (814, 355, 875, 425)
  yellow_mustard_sauce (0.90) [ID:147] (875, 214, 903, 303)
  hand (0.88) [ID:151] (735, 372, 781, 439)
Frame 802:
  ketchup_sauce (0.92) [ID:1] (906, 239, 936, 285)
  wrapper (0.96) [ID:76] (726, 301, 895, 476)
  hot-dog (0.94) [ID:103] (594, 324, 646, 396)
  hand (0.89) [ID:128] (807, 354, 873, 425)
  yellow_mustard_sauce (0.90) [ID:147] (875, 214, 903, 303)
  hand (0.88) [ID:151] (735, 365, 780, 431)
Frame 803:
  ketchup_sauce (0.92) [ID:1] (906, 239, 936, 285)
  wrapper (0.95) [ID:76] (726, 301, 895, 476)
  hot-dog (0.94) [ID:103] (594, 324, 646, 396)
  hand (0.89) [ID:128] (806, 355, 872, 426)
  yellow_mustard_sauce (0.91) [ID:147] (875, 214, 903, 303)
  hand (0.89) [ID:151] (735, 359, 785, 426)
Frame 804:
  ketchup_sauce (0.92) [ID:1] (906, 239, 936, 286)
  wrapper (0.96) [ID:76] (726, 301, 895, 476)
  hot-dog (0.94) [ID:103] (594, 324, 646, 396)
  hand (0.88) [ID:128] (809, 360, 871, 423)
  yellow_mustard_sauce (0.91) [ID:147] (875, 214, 903, 303)
  hand (0.89) [ID:151] (735, 353, 786, 422)
Frame 805:
  ketchup_sauce (0.92) [ID:1] (906, 239, 936, 285)
  wrapper (0.95) [ID:76] (726, 301, 895, 476)
  hot-dog (0.94) [ID:103] (594, 324, 646, 396)
  hand (0.85) [ID:128] (799, 365, 868, 423)
  yellow_mustard_sauce (0.90) [ID:147] (875, 214, 903, 303)
  hand (0.89) [ID:151] (735, 348, 783, 420)
Frame 806:
  ketchup_sauce (0.92) [ID:1] (906, 239, 936, 285)
  wrapper (0.95) [ID:76] (726, 300, 895, 476)
  hot-dog (0.94) [ID:103] (594, 324, 646, 396)
  hand (0.86) [ID:128] (801, 371, 867, 428)
  yellow_mustard_sauce (0.90) [ID:147] (875, 214, 903, 303)
  hand (0.88) [ID:151] (736, 345, 784, 419)
Frame 807:
  ketchup_sauce (0.92) [ID:1] (906, 239, 936, 285)
  wrapper (0.96) [ID:76] (726, 300, 895, 476)
  hot-dog (0.94) [ID:103] (594, 324, 646, 396)
  hand (0.87) [ID:128] (798, 370, 871, 428)
  yellow_mustard_sauce (0.91) [ID:147] (875, 214, 903, 303)
  hand (0.88) [ID:151] (735, 343, 776, 420)
Frame 808:
  ketchup_sauce (0.92) [ID:1] (906, 239, 936, 285)
  wrapper (0.95) [ID:76] (726, 300, 895, 476)
  hot-dog (0.94) [ID:103] (594, 324, 646, 396)
  hand (0.87) [ID:128] (800, 365, 868, 421)
  yellow_mustard_sauce (0.90) [ID:147] (875, 214, 903, 303)
  hand (0.87) [ID:151] (732, 343, 770, 421)
Frame 809:
  ketchup_sauce (0.92) [ID:1] (906, 239, 936, 286)
  wrapper (0.95) [ID:76] (730, 301, 895, 476)
  hot-dog (0.94) [ID:103] (594, 324, 646, 396)
  hand (0.86) [ID:128] (801, 360, 866, 415)
  yellow_mustard_sauce (0.91) [ID:147] (875, 214, 903, 303)
  hand (0.89) [ID:151] (729, 343, 764, 425)
Frame 810:
  ketchup_sauce (0.92) [ID:1] (906, 239, 936, 286)
  wrapper (0.95) [ID:76] (730, 301, 895, 477)
  hot-dog (0.94) [ID:103] (594, 324, 646, 396)
  hand (0.87) [ID:128] (807, 352, 864, 411)
  yellow_mustard_sauce (0.91) [ID:147] (875, 214, 903, 303)
  hand (0.89) [ID:151] (723, 347, 760, 431)
Frame 811:
  ketchup_sauce (0.92) [ID:1] (906, 239, 936, 286)
  wrapper (0.95) [ID:76] (729, 301, 895, 477)
  hot-dog (0.94) [ID:103] (594, 324, 646, 396)
  hand (0.88) [ID:128] (806, 342, 864, 405)
  yellow_mustard_sauce (0.91) [ID:147] (875, 214, 903, 303)
  hand (0.89) [ID:151] (718, 356, 758, 436)
Frame 812:
  ketchup_sauce (0.92) [ID:1] (906, 239, 936, 286)
  wrapper (0.95) [ID:76] (729, 301, 895, 477)
  hot-dog (0.94) [ID:103] (594, 324, 646, 396)
  hand (0.88) [ID:128] (805, 337, 861, 398)
  yellow_mustard_sauce (0.91) [ID:147] (875, 214, 903, 303)
  hand (0.89) [ID:151] (722, 366, 759, 441)
Frame 813:
  ketchup_sauce (0.92) [ID:1] (906, 239, 936, 286)
  wrapper (0.94) [ID:76] (721, 301, 895, 477)
  hot-dog (0.94) [ID:103] (594, 324, 646, 396)
  hand (0.89) [ID:128] (803, 335, 858, 393)
  yellow_mustard_sauce (0.90) [ID:147] (875, 214, 903, 303)
  hand (0.85) [ID:151] (733, 368, 765, 449)
Frame 814:
  ketchup_sauce (0.92) [ID:1] (906, 239, 936, 286)
  wrapper (0.94) [ID:76] (722, 301, 895, 478)
  hot-dog (0.94) [ID:103] (594, 324, 646, 396)
  hand (0.87) [ID:128] (802, 339, 858, 392)
  yellow_mustard_sauce (0.90) [ID:147] (875, 214, 903, 303)
  hand (0.85) [ID:151] (735, 373, 777, 447)
Frame 815:
  ketchup_sauce (0.92) [ID:1] (906, 239, 936, 286)
  wrapper (0.94) [ID:76] (722, 301, 895, 477)
  hot-dog (0.94) [ID:103] (594, 324, 646, 396)
  hand (0.87) [ID:128] (798, 342, 854, 392)
  yellow_mustard_sauce (0.90) [ID:147] (875, 214, 903, 303)
  hand (0.87) [ID:151] (738, 372, 790, 445)
Frame 816:
  ketchup_sauce (0.92) [ID:1] (906, 239, 936, 286)
  wrapper (0.94) [ID:76] (721, 301, 895, 476)
  hot-dog (0.94) [ID:103] (594, 324, 646, 396)
  hand (0.85) [ID:128] (793, 344, 849, 391)
  yellow_mustard_sauce (0.90) [ID:147] (875, 214, 903, 303)
  hand (0.87) [ID:151] (741, 373, 791, 443)
Frame 817:
  ketchup_sauce (0.92) [ID:1] (906, 239, 936, 286)
  wrapper (0.95) [ID:76] (721, 301, 894, 476)
  hot-dog (0.94) [ID:103] (594, 324, 646, 396)
  hand (0.85) [ID:128] (792, 350, 845, 393)
  yellow_mustard_sauce (0.90) [ID:147] (875, 214, 903, 303)
  hand (0.87) [ID:151] (743, 370, 785, 438)
Frame 818:
  ketchup_sauce (0.92) [ID:1] (906, 239, 936, 286)
  wrapper (0.95) [ID:76] (722, 301, 894, 475)
  hot-dog (0.94) [ID:103] (594, 324, 646, 396)
  hand (0.84) [ID:128] (782, 351, 842, 395)
  yellow_mustard_sauce (0.91) [ID:147] (875, 214, 903, 303)
  hand (0.86) [ID:151] (743, 369, 782, 433)
Frame 819:
  ketchup_sauce (0.92) [ID:1] (906, 239, 936, 286)
  wrapper (0.96) [ID:76] (724, 301, 894, 475)
  hot-dog (0.94) [ID:103] (594, 324, 646, 396)
  hand (0.84) [ID:128] (778, 346, 840, 398)
  yellow_mustard_sauce (0.91) [ID:147] (875, 214, 903, 303)
  hand (0.87) [ID:151] (740, 359, 777, 434)
Frame 820:
  ketchup_sauce (0.92) [ID:1] (906, 239, 936, 286)
  wrapper (0.96) [ID:76] (726, 300, 894, 475)
  hot-dog (0.94) [ID:103] (594, 324, 646, 396)
  hand (0.84) [ID:128] (776, 334, 841, 398)
  yellow_mustard_sauce (0.91) [ID:147] (875, 214, 903, 303)
  hand (0.86) [ID:151] (735, 355, 774, 431)
Frame 821:
  ketchup_sauce (0.92) [ID:1] (906, 239, 936, 286)
  wrapper (0.95) [ID:76] (726, 300, 894, 476)
  hot-dog (0.94) [ID:103] (594, 324, 646, 396)
  hand (0.85) [ID:128] (782, 324, 839, 395)
  yellow_mustard_sauce (0.90) [ID:147] (875, 214, 903, 303)
  hand (0.86) [ID:151] (732, 353, 770, 429)
Frame 822:
  ketchup_sauce (0.92) [ID:1] (906, 239, 936, 286)
  wrapper (0.94) [ID:76] (726, 302, 895, 475)
  hot-dog (0.94) [ID:103] (594, 324, 646, 396)
  hand (0.84) [ID:128] (783, 318, 834, 386)
  yellow_mustard_sauce (0.91) [ID:147] (875, 214, 903, 303)
  hand (0.86) [ID:151] (729, 347, 766, 419)
Frame 823:
  ketchup_sauce (0.92) [ID:1] (906, 239, 936, 286)
  wrapper (0.95) [ID:76] (721, 301, 895, 473)
  hot-dog (0.94) [ID:103] (594, 324, 646, 396)
  hand (0.82) [ID:128] (771, 314, 824, 377)
  yellow_mustard_sauce (0.91) [ID:147] (875, 214, 903, 303)
  hand (0.83) [ID:151] (724, 340, 760, 416)
Frame 824:
  ketchup_sauce (0.92) [ID:1] (906, 239, 936, 286)
  wrapper (0.92) [ID:76] (718, 304, 896, 470)
  hot-dog (0.94) [ID:103] (594, 324, 646, 396)
  hand (0.85) [ID:128] (763, 307, 823, 372)
  yellow_mustard_sauce (0.91) [ID:147] (875, 214, 903, 303)
  hand (0.86) [ID:151] (719, 327, 755, 407)
Frame 825:
  ketchup_sauce (0.92) [ID:1] (906, 238, 936, 286)
  wrapper (0.87) [ID:76] (714, 326, 895, 468)
  hot-dog (0.94) [ID:103] (594, 324, 646, 395)
  hand (0.75) [ID:128] (756, 295, 817, 356)
  yellow_mustard_sauce (0.91) [ID:147] (875, 214, 903, 303)
  hand (0.85) [ID:151] (711, 320, 740, 397)
Frame 826:
  ketchup_sauce (0.93) [ID:1] (906, 238, 936, 286)
  wrapper (0.93) [ID:76] (715, 308, 894, 461)
  hot-dog (0.94) [ID:103] (594, 324, 646, 395)
  hand (0.80) [ID:128] (751, 280, 815, 332)
  yellow_mustard_sauce (0.90) [ID:147] (875, 213, 904, 303)
  hand (0.85) [ID:151] (700, 304, 731, 392)
Frame 827:
  ketchup_sauce (0.92) [ID:1] (907, 238, 936, 285)
  wrapper (0.94) [ID:76] (718, 296, 891, 458)
  hot-dog (0.94) [ID:103] (594, 324, 646, 395)
  hand (0.80) [ID:128] (754, 262, 816, 314)
  yellow_mustard_sauce (0.88) [ID:147] (876, 213, 904, 303)
  hand (0.85) [ID:151] (688, 290, 727, 371)
Frame 828:
  ketchup_sauce (0.92) [ID:1] (907, 238, 936, 285)
  wrapper (0.95) [ID:76] (719, 301, 886, 454)
  hot-dog (0.94) [ID:103] (593, 324, 646, 396)
  hand (0.79) [ID:128] (746, 236, 803, 297)
  yellow_mustard_sauce (0.84) [ID:147] (875, 214, 903, 304)
  hand (0.76) [ID:151] (674, 289, 713, 369)
Frame 829:
  ketchup_sauce (0.92) [ID:1] (907, 239, 936, 285)
  wrapper (0.96) [ID:76] (718, 301, 882, 451)
  hot-dog (0.93) [ID:103] (593, 324, 645, 395)
  hand (0.81) [ID:128] (744, 197, 801, 270)
  yellow_mustard_sauce (0.70) [ID:147] (875, 214, 903, 305)
  hand (0.82) [ID:151] (656, 292, 696, 375)
Frame 830:
  ketchup_sauce (0.92) [ID:1] (907, 239, 936, 284)
  wrapper (0.95) [ID:76] (720, 301, 875, 449)
  hot-dog (0.91) [ID:103] (593, 325, 641, 395)
  hand (0.82) [ID:128] (739, 165, 802, 248)
  hand (0.81) [ID:151] (633, 296, 681, 381)
Frame 831:
  ketchup_sauce (0.92) [ID:1] (907, 239, 936, 284)
  wrapper (0.95) [ID:76] (721, 301, 866, 445)
  hot-dog (0.90) [ID:103] (593, 330, 632, 395)
  hand (0.86) [ID:128] (739, 147, 798, 229)
  yellow_mustard_sauce (0.71) [ID:147] (875, 214, 903, 291)
  hand (0.86) [ID:151] (617, 297, 668, 380)
Frame 832:
  ketchup_sauce (0.92) [ID:1] (906, 239, 936, 285)
  wrapper (0.95) [ID:76] (722, 301, 854, 444)
  hot-dog (0.88) [ID:103] (593, 341, 622, 394)
  hand (0.86) [ID:128] (733, 128, 795, 210)
  yellow_mustard_sauce (0.88) [ID:147] (875, 214, 904, 292)
  hand (0.84) [ID:151] (607, 303, 661, 403)
Frame 833:
  ketchup_sauce (0.92) [ID:1] (906, 239, 936, 285)
  wrapper (0.90) [ID:76] (722, 302, 826, 443)
  hand (0.87) [ID:128] (736, 126, 794, 190)
  yellow_mustard_sauce (0.88) [ID:147] (875, 214, 903, 297)
  hand (0.85) [ID:151] (597, 313, 653, 409)
Frame 834:
  ketchup_sauce (0.93) [ID:1] (906, 239, 936, 285)
  wrapper (0.92) [ID:76] (723, 301, 817, 440)
  hand (0.84) [ID:128] (744, 126, 793, 178)
  yellow_mustard_sauce (0.86) [ID:147] (875, 214, 903, 303)
  hand (0.89) [ID:151] (586, 316, 649, 401)
Frame 835:
  ketchup_sauce (0.93) [ID:1] (906, 238, 936, 285)
  wrapper (0.93) [ID:76] (723, 302, 807, 436)
  hand (0.80) [ID:128] (750, 124, 792, 167)
  yellow_mustard_sauce (0.86) [ID:147] (875, 214, 904, 302)
  hand (0.88) [ID:151] (582, 319, 648, 398)
Frame 836:
  ketchup_sauce (0.93) [ID:1] (906, 238, 936, 285)
  wrapper (0.93) [ID:76] (724, 302, 798, 432)
  hand (0.75) [ID:128] (753, 124, 790, 153)
  yellow_mustard_sauce (0.89) [ID:147] (874, 214, 904, 302)
  hand (0.87) [ID:151] (582, 322, 632, 394)
Frame 837:
  ketchup_sauce (0.93) [ID:1] (906, 238, 936, 285)
  wrapper (0.92) [ID:76] (725, 301, 791, 428)
  hand (0.74) [ID:128] (756, 123, 789, 149)
  yellow_mustard_sauce (0.90) [ID:147] (874, 213, 904, 302)
  hand (0.86) [ID:151] (584, 325, 630, 392)
Frame 838:
  ketchup_sauce (0.92) [ID:1] (906, 238, 936, 285)
  wrapper (0.89) [ID:76] (725, 300, 784, 425)
  hand (0.68) [ID:128] (756, 123, 789, 146)
  yellow_mustard_sauce (0.90) [ID:147] (874, 213, 904, 302)
  hand (0.84) [ID:151] (586, 326, 627, 388)
  wrapper (0.86) [ID:162] (840, 315, 894, 472)
Frame 839:
  ketchup_sauce (0.92) [ID:1] (906, 238, 936, 284)
  wrapper (0.82) [ID:76] (725, 300, 783, 421)
  yellow_mustard_sauce (0.90) [ID:147] (874, 213, 904, 302)
  hand (0.82) [ID:151] (587, 326, 626, 391)
  wrapper (0.88) [ID:162] (839, 315, 894, 472)
Frame 840:
  ketchup_sauce (0.92) [ID:1] (906, 238, 936, 284)
  wrapper (0.85) [ID:76] (725, 300, 784, 420)
  yellow_mustard_sauce (0.91) [ID:147] (874, 213, 903, 302)
  hand (0.84) [ID:151] (588, 326, 624, 395)
  wrapper (0.87) [ID:162] (840, 315, 894, 472)
Frame 841:
  ketchup_sauce (0.92) [ID:1] (906, 238, 936, 284)
  wrapper (0.89) [ID:76] (726, 301, 786, 421)
  yellow_mustard_sauce (0.91) [ID:147] (874, 213, 904, 302)
  hand (0.84) [ID:151] (588, 327, 623, 396)
  wrapper (0.86) [ID:162] (841, 315, 894, 472)
Frame 842:
  ketchup_sauce (0.92) [ID:1] (906, 238, 936, 284)
  wrapper (0.90) [ID:76] (726, 302, 793, 424)
  yellow_mustard_sauce (0.90) [ID:147] (874, 213, 904, 302)
  hand (0.85) [ID:151] (587, 329, 621, 398)
  wrapper (0.73) [ID:162] (844, 315, 894, 473)
Frame 843:
  ketchup_sauce (0.93) [ID:1] (906, 238, 936, 284)
  wrapper (0.90) [ID:76] (726, 302, 804, 427)
  yellow_mustard_sauce (0.89) [ID:147] (874, 214, 903, 302)
  hand (0.86) [ID:151] (587, 331, 622, 401)
  hand (0.76) [ID:167] (764, 105, 809, 159)
Frame 844:
  ketchup_sauce (0.92) [ID:1] (906, 238, 936, 284)
  wrapper (0.90) [ID:76] (726, 301, 818, 429)
  yellow_mustard_sauce (0.86) [ID:147] (875, 214, 903, 302)
  hand (0.87) [ID:151] (587, 333, 622, 406)
  hand (0.79) [ID:167] (760, 106, 811, 179)
Frame 845:
  ketchup_sauce (0.91) [ID:1] (906, 238, 936, 285)
  wrapper (0.79) [ID:76] (726, 301, 839, 430)
  yellow_mustard_sauce (0.88) [ID:147] (875, 213, 903, 289)
  hand (0.87) [ID:151] (588, 335, 625, 409)
  hand (0.86) [ID:167] (756, 124, 814, 197)
Frame 846:
  ketchup_sauce (0.91) [ID:1] (906, 239, 936, 284)
  wrapper (0.93) [ID:76] (726, 302, 875, 430)
  yellow_mustard_sauce (0.85) [ID:147] (875, 214, 903, 275)
  hand (0.87) [ID:151] (589, 337, 630, 412)
  hand (0.85) [ID:167] (751, 144, 822, 223)
Frame 847:
  ketchup_sauce (0.91) [ID:1] (907, 239, 936, 283)
  wrapper (0.94) [ID:76] (726, 302, 894, 432)
  hand (0.86) [ID:151] (590, 339, 635, 416)
  hand (0.87) [ID:167] (760, 167, 828, 254)
Frame 848:
  ketchup_sauce (0.92) [ID:1] (907, 238, 936, 284)
  wrapper (0.95) [ID:76] (727, 301, 898, 435)
  hand (0.87) [ID:151] (593, 340, 641, 418)
Frame 849:
  ketchup_sauce (0.93) [ID:1] (906, 238, 936, 285)
  wrapper (0.95) [ID:76] (727, 301, 893, 439)
  yellow_mustard_sauce (0.68) [ID:147] (875, 214, 903, 303)
  hand (0.86) [ID:151] (598, 341, 643, 424)
Frame 850:
  ketchup_sauce (0.93) [ID:1] (906, 238, 936, 284)
  wrapper (0.94) [ID:76] (728, 300, 895, 444)
  yellow_mustard_sauce (0.88) [ID:147] (875, 214, 904, 303)
  hand (0.84) [ID:151] (605, 345, 650, 426)
Frame 851:
  ketchup_sauce (0.93) [ID:1] (906, 239, 936, 284)
  wrapper (0.95) [ID:76] (729, 301, 897, 447)
  yellow_mustard_sauce (0.90) [ID:147] (875, 214, 903, 303)
  hand (0.84) [ID:151] (613, 346, 662, 421)
Frame 852:
  ketchup_sauce (0.92) [ID:1] (906, 239, 936, 284)
  wrapper (0.95) [ID:76] (729, 301, 896, 453)
  yellow_mustard_sauce (0.90) [ID:147] (875, 214, 904, 302)
  hand (0.84) [ID:151] (622, 350, 669, 421)
Frame 853:
  ketchup_sauce (0.93) [ID:1] (906, 239, 936, 285)
  wrapper (0.95) [ID:76] (729, 301, 896, 456)
  yellow_mustard_sauce (0.91) [ID:147] (875, 214, 904, 302)
  hand (0.86) [ID:151] (632, 353, 677, 425)
Frame 854:
  ketchup_sauce (0.93) [ID:1] (906, 239, 936, 285)
  wrapper (0.95) [ID:76] (727, 301, 896, 454)
  yellow_mustard_sauce (0.91) [ID:147] (875, 214, 904, 302)
  hand (0.78) [ID:151] (642, 358, 690, 433)
  hand (0.85) [ID:170] (836, 414, 884, 453)
Frame 855:
  ketchup_sauce (0.93) [ID:1] (906, 239, 936, 285)
  wrapper (0.95) [ID:76] (731, 300, 896, 458)
  yellow_mustard_sauce (0.91) [ID:147] (875, 214, 904, 302)
  hand (0.81) [ID:151] (654, 359, 708, 434)
  hand (0.86) [ID:170] (835, 424, 892, 466)
Frame 856:
  ketchup_sauce (0.93) [ID:1] (906, 239, 936, 285)
  wrapper (0.95) [ID:76] (730, 301, 897, 462)
  yellow_mustard_sauce (0.91) [ID:147] (875, 214, 904, 302)
  hand (0.85) [ID:170] (838, 429, 894, 470)
  hand (0.62) [ID:173] (984, 500, 1016, 553)
Frame 857:
  ketchup_sauce (0.93) [ID:1] (906, 239, 936, 285)
  wrapper (0.94) [ID:76] (728, 301, 897, 464)
  yellow_mustard_sauce (0.91) [ID:147] (875, 214, 904, 302)
  hand (0.86) [ID:170] (841, 435, 897, 473)
  hand (0.58) [ID:173] (985, 511, 1018, 560)
Frame 858:
  ketchup_sauce (0.93) [ID:1] (906, 239, 936, 285)
  wrapper (0.94) [ID:76] (727, 301, 897, 468)
  yellow_mustard_sauce (0.91) [ID:147] (875, 214, 904, 302)
  hand (0.88) [ID:170] (845, 437, 900, 478)
  reg_clamshell (0.78) [ID:175] (728, 301, 815, 402)
  hand (0.78) [ID:176] (716, 370, 760, 406)
Frame 859:
  ketchup_sauce (0.93) [ID:1] (906, 239, 936, 285)
  wrapper (0.95) [ID:76] (727, 301, 896, 471)
  yellow_mustard_sauce (0.91) [ID:147] (875, 214, 904, 302)
  hand (0.87) [ID:170] (850, 439, 902, 481)
  reg_clamshell (0.73) [ID:175] (728, 301, 817, 407)
  hand (0.81) [ID:176] (728, 374, 776, 411)
  hot-dog (0.86) [ID:178] (770, 364, 811, 405)
Frame 860:
  ketchup_sauce (0.92) [ID:1] (906, 239, 936, 285)
  wrapper (0.96) [ID:76] (725, 301, 896, 473)
  yellow_mustard_sauce (0.91) [ID:147] (875, 214, 904, 302)
  hand (0.87) [ID:170] (852, 439, 902, 483)
  hand (0.84) [ID:176] (736, 374, 789, 417)
  hot-dog (0.89) [ID:178] (782, 372, 820, 409)
Frame 861:
  ketchup_sauce (0.92) [ID:1] (906, 239, 936, 286)
  wrapper (0.96) [ID:76] (724, 301, 896, 476)
  yellow_mustard_sauce (0.90) [ID:147] (875, 214, 904, 302)
  hand (0.88) [ID:170] (851, 439, 904, 483)
  hand (0.86) [ID:176] (742, 375, 799, 423)
  hot-dog (0.90) [ID:178] (792, 374, 828, 411)
Frame 862:
  ketchup_sauce (0.92) [ID:1] (906, 239, 936, 286)
  wrapper (0.96) [ID:76] (719, 300, 897, 476)
  yellow_mustard_sauce (0.90) [ID:147] (875, 214, 904, 302)
  hand (0.88) [ID:170] (851, 439, 904, 482)
  hand (0.86) [ID:176] (748, 375, 806, 429)
  hot-dog (0.90) [ID:178] (801, 374, 836, 410)
Frame 863:
  ketchup_sauce (0.92) [ID:1] (906, 239, 936, 286)
  wrapper (0.96) [ID:76] (718, 301, 896, 475)
  yellow_mustard_sauce (0.90) [ID:147] (875, 214, 903, 302)
  hand (0.89) [ID:170] (851, 439, 905, 483)
  hand (0.85) [ID:176] (753, 376, 811, 432)
  hot-dog (0.90) [ID:178] (806, 374, 842, 411)
Frame 864:
  ketchup_sauce (0.92) [ID:1] (906, 239, 936, 286)
  wrapper (0.96) [ID:76] (718, 301, 896, 471)
  yellow_mustard_sauce (0.90) [ID:147] (875, 214, 903, 303)
  hand (0.89) [ID:170] (850, 438, 905, 481)
  hand (0.85) [ID:176] (764, 376, 816, 433)
  hot-dog (0.89) [ID:178] (810, 374, 846, 410)
Frame 865:
  ketchup_sauce (0.92) [ID:1] (906, 239, 936, 286)
  wrapper (0.96) [ID:76] (717, 301, 896, 469)
  yellow_mustard_sauce (0.90) [ID:147] (875, 214, 903, 303)
  hand (0.88) [ID:170] (849, 437, 904, 480)
  hand (0.84) [ID:176] (768, 376, 817, 435)
  hot-dog (0.88) [ID:178] (813, 375, 849, 411)
Frame 866:
  ketchup_sauce (0.92) [ID:1] (906, 239, 936, 286)
  wrapper (0.96) [ID:76] (717, 301, 896, 469)
  yellow_mustard_sauce (0.90) [ID:147] (875, 214, 903, 303)
  hand (0.89) [ID:170] (850, 435, 905, 479)
  hand (0.84) [ID:176] (772, 375, 819, 432)
  hot-dog (0.89) [ID:178] (816, 377, 849, 410)
Frame 867:
  ketchup_sauce (0.92) [ID:1] (906, 239, 936, 286)
  wrapper (0.96) [ID:76] (717, 301, 896, 467)
  yellow_mustard_sauce (0.90) [ID:147] (875, 214, 903, 303)
  hand (0.87) [ID:170] (846, 434, 906, 479)
  hand (0.85) [ID:176] (771, 376, 819, 436)
  hot-dog (0.88) [ID:178] (817, 378, 849, 411)
Frame 868:
  ketchup_sauce (0.92) [ID:1] (906, 239, 936, 286)
  wrapper (0.96) [ID:76] (717, 300, 896, 465)
  yellow_mustard_sauce (0.90) [ID:147] (875, 214, 903, 303)
  hand (0.88) [ID:170] (843, 435, 905, 483)
  hand (0.86) [ID:176] (771, 375, 819, 438)
  hot-dog (0.88) [ID:178] (817, 377, 850, 411)
Frame 869:
  ketchup_sauce (0.92) [ID:1] (906, 238, 936, 286)
  wrapper (0.96) [ID:76] (717, 300, 896, 467)
  yellow_mustard_sauce (0.90) [ID:147] (875, 214, 903, 303)
  hand (0.89) [ID:170] (841, 437, 905, 487)
  hand (0.86) [ID:176] (772, 375, 818, 438)
  hot-dog (0.88) [ID:178] (816, 378, 849, 412)
Frame 870:
  ketchup_sauce (0.92) [ID:1] (906, 239, 936, 286)
  wrapper (0.96) [ID:76] (717, 300, 896, 468)
  yellow_mustard_sauce (0.90) [ID:147] (875, 214, 903, 303)
  hand (0.89) [ID:170] (841, 440, 905, 489)
  hand (0.86) [ID:176] (772, 375, 818, 438)
  hot-dog (0.88) [ID:178] (816, 378, 849, 412)
Frame 871:
  ketchup_sauce (0.92) [ID:1] (906, 239, 936, 286)
  wrapper (0.96) [ID:76] (717, 300, 896, 468)
  yellow_mustard_sauce (0.90) [ID:147] (875, 214, 903, 303)
  hand (0.88) [ID:170] (840, 441, 901, 488)
  hand (0.87) [ID:176] (771, 375, 820, 439)
  hot-dog (0.89) [ID:178] (815, 378, 849, 412)
Frame 872:
  ketchup_sauce (0.92) [ID:1] (906, 238, 936, 286)
  wrapper (0.96) [ID:76] (717, 300, 896, 470)
  yellow_mustard_sauce (0.90) [ID:147] (875, 214, 903, 303)
  hand (0.88) [ID:170] (842, 442, 898, 488)
  hand (0.87) [ID:176] (770, 376, 820, 439)
  hot-dog (0.89) [ID:178] (815, 380, 850, 414)
Frame 873:
  ketchup_sauce (0.92) [ID:1] (906, 238, 936, 286)
  wrapper (0.96) [ID:76] (717, 300, 896, 471)
  yellow_mustard_sauce (0.89) [ID:147] (875, 214, 903, 303)
  hand (0.86) [ID:170] (841, 441, 896, 485)
  hand (0.86) [ID:176] (769, 377, 819, 442)
  hot-dog (0.90) [ID:178] (813, 380, 850, 417)
Frame 874:
  ketchup_sauce (0.92) [ID:1] (906, 238, 936, 286)
  wrapper (0.96) [ID:76] (717, 300, 896, 471)
  yellow_mustard_sauce (0.89) [ID:147] (875, 214, 903, 303)
  hand (0.88) [ID:170] (839, 436, 895, 481)
  hand (0.86) [ID:176] (767, 379, 816, 440)
  hot-dog (0.91) [ID:178] (810, 380, 849, 417)
Frame 875:
  ketchup_sauce (0.92) [ID:1] (906, 238, 936, 286)
  wrapper (0.97) [ID:76] (717, 300, 896, 473)
  yellow_mustard_sauce (0.90) [ID:147] (875, 214, 903, 303)
  hand (0.87) [ID:170] (836, 428, 893, 475)
  hand (0.87) [ID:176] (762, 380, 810, 438)
  hot-dog (0.90) [ID:178] (804, 379, 849, 417)
Frame 876:
  ketchup_sauce (0.92) [ID:1] (906, 238, 936, 286)
  wrapper (0.95) [ID:76] (717, 300, 896, 471)
  yellow_mustard_sauce (0.90) [ID:147] (875, 214, 903, 303)
  hand (0.86) [ID:170] (833, 416, 890, 467)
  hand (0.85) [ID:176] (756, 379, 804, 436)
  hot-dog (0.87) [ID:178] (800, 380, 849, 417)
Frame 877:
  ketchup_sauce (0.92) [ID:1] (906, 238, 936, 286)
  wrapper (0.95) [ID:76] (717, 300, 897, 465)
  yellow_mustard_sauce (0.90) [ID:147] (875, 214, 903, 303)
  hand (0.84) [ID:170] (825, 403, 888, 456)
  hand (0.84) [ID:176] (751, 378, 797, 434)
  hot-dog (0.84) [ID:178] (786, 380, 848, 426)
Frame 878:
  ketchup_sauce (0.92) [ID:1] (906, 238, 936, 286)
  wrapper (0.95) [ID:76] (717, 301, 895, 462)
  yellow_mustard_sauce (0.90) [ID:147] (875, 214, 903, 303)
  hand (0.85) [ID:170] (819, 393, 881, 445)
  hand (0.86) [ID:176] (747, 380, 792, 433)
  hot-dog (0.76) [ID:178] (779, 381, 845, 427)
  wrapper (0.73) [ID:151] (754, 416, 878, 474)
Frame 879:
  ketchup_sauce (0.92) [ID:1] (906, 238, 936, 286)
  wrapper (0.96) [ID:76] (717, 300, 896, 473)
  yellow_mustard_sauce (0.90) [ID:147] (875, 214, 903, 303)
  hand (0.83) [ID:170] (809, 375, 873, 433)
  hand (0.86) [ID:176] (744, 380, 793, 430)
  hot-dog (0.72) [ID:178] (776, 385, 811, 426)
Frame 880:
  ketchup_sauce (0.92) [ID:1] (906, 238, 936, 286)
  wrapper (0.97) [ID:76] (717, 300, 896, 474)
  yellow_mustard_sauce (0.90) [ID:147] (875, 214, 903, 303)
  hand (0.84) [ID:170] (798, 370, 867, 425)
  hand (0.87) [ID:176] (737, 382, 784, 435)
Frame 881:
  ketchup_sauce (0.92) [ID:1] (906, 238, 936, 286)
  wrapper (0.96) [ID:76] (717, 300, 898, 474)
  yellow_mustard_sauce (0.90) [ID:147] (875, 214, 903, 303)
  hand (0.85) [ID:170] (792, 354, 859, 416)
  hand (0.88) [ID:176] (736, 380, 782, 437)
Frame 882:
  ketchup_sauce (0.92) [ID:1] (906, 238, 936, 286)
  wrapper (0.96) [ID:76] (717, 300, 898, 474)
  yellow_mustard_sauce (0.89) [ID:147] (875, 214, 903, 303)
  hand (0.88) [ID:170] (785, 350, 854, 409)
  hand (0.88) [ID:176] (737, 383, 780, 435)
Frame 883:
  ketchup_sauce (0.92) [ID:1] (906, 238, 936, 286)
  wrapper (0.96) [ID:76] (717, 300, 898, 474)
  yellow_mustard_sauce (0.90) [ID:147] (875, 214, 903, 303)
  hand (0.88) [ID:170] (786, 344, 849, 404)
  hand (0.88) [ID:176] (738, 383, 784, 433)
Frame 884:
  ketchup_sauce (0.92) [ID:1] (906, 238, 936, 286)
  wrapper (0.96) [ID:76] (717, 300, 898, 474)
  yellow_mustard_sauce (0.90) [ID:147] (875, 214, 903, 303)
  hand (0.87) [ID:170] (784, 342, 847, 403)
  hand (0.90) [ID:176] (741, 382, 791, 433)
Frame 885:
  ketchup_sauce (0.92) [ID:1] (906, 238, 936, 286)
  wrapper (0.96) [ID:76] (716, 300, 898, 475)
  yellow_mustard_sauce (0.90) [ID:147] (875, 214, 903, 303)
  hand (0.88) [ID:170] (783, 343, 849, 404)
  hand (0.89) [ID:176] (744, 381, 791, 433)
Frame 886:
  ketchup_sauce (0.92) [ID:1] (906, 238, 936, 286)
  wrapper (0.96) [ID:76] (717, 300, 899, 475)
  yellow_mustard_sauce (0.90) [ID:147] (875, 214, 903, 303)
  hand (0.89) [ID:170] (781, 345, 851, 407)
  hand (0.89) [ID:176] (745, 381, 791, 431)
Frame 887:
  ketchup_sauce (0.92) [ID:1] (906, 238, 936, 285)
  wrapper (0.96) [ID:76] (716, 301, 900, 475)
  yellow_mustard_sauce (0.90) [ID:147] (875, 214, 903, 303)
  hand (0.88) [ID:170] (780, 352, 850, 414)
  hand (0.89) [ID:176] (746, 380, 790, 431)
Frame 888:
  ketchup_sauce (0.92) [ID:1] (906, 238, 936, 285)
  wrapper (0.96) [ID:76] (716, 300, 900, 475)
  yellow_mustard_sauce (0.90) [ID:147] (875, 214, 903, 303)
  hand (0.86) [ID:170] (780, 365, 851, 421)
  hand (0.89) [ID:176] (747, 380, 788, 432)
Frame 889:
  ketchup_sauce (0.92) [ID:1] (906, 238, 936, 285)
  wrapper (0.97) [ID:76] (716, 300, 901, 475)
  yellow_mustard_sauce (0.90) [ID:147] (875, 214, 903, 303)
  hand (0.89) [ID:170] (781, 369, 856, 428)
  hand (0.88) [ID:176] (748, 381, 786, 435)
Frame 890:
  ketchup_sauce (0.92) [ID:1] (906, 238, 936, 285)
  wrapper (0.96) [ID:76] (716, 300, 901, 475)
  yellow_mustard_sauce (0.90) [ID:147] (875, 214, 903, 303)
  hand (0.90) [ID:170] (788, 372, 861, 432)
  hand (0.87) [ID:176] (747, 377, 786, 443)
Frame 891:
  ketchup_sauce (0.92) [ID:1] (906, 238, 936, 285)
  wrapper (0.96) [ID:76] (717, 300, 901, 475)
  yellow_mustard_sauce (0.90) [ID:147] (875, 214, 903, 303)
  hand (0.89) [ID:170] (791, 374, 862, 433)
  hand (0.88) [ID:176] (745, 376, 783, 452)
Frame 892:
  ketchup_sauce (0.92) [ID:1] (907, 238, 936, 285)
  wrapper (0.96) [ID:76] (718, 300, 900, 475)
  yellow_mustard_sauce (0.90) [ID:147] (875, 214, 903, 303)
  hand (0.89) [ID:170] (791, 373, 862, 431)
  hand (0.89) [ID:176] (744, 383, 782, 461)
Frame 893:
  ketchup_sauce (0.92) [ID:1] (907, 238, 936, 285)
  wrapper (0.97) [ID:76] (718, 300, 901, 475)
  yellow_mustard_sauce (0.90) [ID:147] (875, 214, 903, 303)
  hand (0.89) [ID:170] (791, 371, 862, 428)
  hand (0.88) [ID:176] (743, 395, 783, 470)
Frame 894:
  ketchup_sauce (0.92) [ID:1] (906, 238, 936, 286)
  wrapper (0.97) [ID:76] (716, 300, 900, 475)
  yellow_mustard_sauce (0.90) [ID:147] (875, 214, 903, 303)
  hand (0.87) [ID:170] (792, 369, 861, 423)
  hand (0.88) [ID:176] (744, 408, 784, 477)
Frame 895:
  ketchup_sauce (0.92) [ID:1] (906, 238, 936, 286)
  wrapper (0.97) [ID:76] (716, 299, 900, 475)
  yellow_mustard_sauce (0.90) [ID:147] (875, 214, 903, 303)
  hand (0.87) [ID:170] (791, 368, 861, 424)
  hand (0.88) [ID:176] (744, 417, 787, 484)
Frame 896:
  ketchup_sauce (0.92) [ID:1] (906, 238, 936, 286)
  wrapper (0.97) [ID:76] (714, 298, 903, 474)
  yellow_mustard_sauce (0.89) [ID:147] (875, 214, 903, 303)
  hand (0.89) [ID:170] (789, 369, 859, 423)
  hand (0.88) [ID:176] (743, 424, 789, 487)
Frame 897:
  ketchup_sauce (0.92) [ID:1] (906, 238, 936, 286)
  wrapper (0.97) [ID:76] (712, 298, 900, 474)
  yellow_mustard_sauce (0.89) [ID:147] (875, 214, 903, 303)
  hand (0.89) [ID:170] (787, 371, 859, 422)
  hand (0.86) [ID:176] (741, 426, 789, 487)
Frame 898:
  ketchup_sauce (0.92) [ID:1] (906, 238, 936, 286)
  wrapper (0.97) [ID:76] (711, 298, 898, 474)
  yellow_mustard_sauce (0.89) [ID:147] (875, 214, 903, 303)
  hand (0.88) [ID:170] (787, 373, 858, 423)
  hand (0.83) [ID:176] (738, 427, 780, 484)
Frame 899:
  ketchup_sauce (0.92) [ID:1] (906, 238, 936, 286)
  wrapper (0.96) [ID:76] (710, 300, 898, 474)
  yellow_mustard_sauce (0.89) [ID:147] (875, 214, 903, 303)
  hand (0.88) [ID:170] (788, 374, 856, 424)
  hand (0.83) [ID:176] (731, 433, 757, 486)
Frame 900:
  ketchup_sauce (0.92) [ID:1] (906, 238, 936, 286)
  wrapper (0.96) [ID:76] (708, 301, 895, 474)
  yellow_mustard_sauce (0.89) [ID:147] (875, 214, 903, 303)
  hand (0.89) [ID:170] (788, 376, 854, 427)
  hand (0.87) [ID:176] (722, 423, 752, 490)
Frame 901:
  ketchup_sauce (0.92) [ID:1] (906, 238, 936, 286)
  wrapper (0.96) [ID:76] (719, 302, 895, 475)
  yellow_mustard_sauce (0.90) [ID:147] (875, 214, 903, 303)
  hand (0.87) [ID:170] (786, 379, 852, 430)
  hand (0.88) [ID:176] (721, 420, 753, 491)
Frame 902:
  ketchup_sauce (0.92) [ID:1] (906, 238, 936, 286)
  wrapper (0.96) [ID:76] (725, 302, 894, 476)
  yellow_mustard_sauce (0.90) [ID:147] (875, 214, 903, 303)
  hand (0.88) [ID:170] (784, 380, 848, 433)
  hand (0.88) [ID:176] (724, 415, 759, 489)
Frame 903:
  ketchup_sauce (0.92) [ID:1] (906, 238, 936, 286)
  wrapper (0.96) [ID:76] (724, 302, 894, 476)
  yellow_mustard_sauce (0.90) [ID:147] (875, 214, 903, 303)
  hand (0.87) [ID:170] (783, 382, 848, 436)
  hand (0.87) [ID:176] (732, 409, 768, 489)
Frame 904:
  ketchup_sauce (0.92) [ID:1] (906, 238, 936, 285)
  wrapper (0.96) [ID:76] (721, 302, 896, 475)
  yellow_mustard_sauce (0.90) [ID:147] (875, 214, 903, 303)
  hand (0.87) [ID:170] (784, 387, 852, 441)
  hand (0.86) [ID:176] (737, 402, 776, 489)
Frame 905:
  ketchup_sauce (0.92) [ID:1] (907, 238, 936, 285)
  wrapper (0.95) [ID:76] (721, 302, 895, 474)
  yellow_mustard_sauce (0.90) [ID:147] (875, 214, 903, 303)
  hand (0.90) [ID:170] (785, 384, 854, 445)
  hand (0.89) [ID:176] (740, 401, 785, 488)
Frame 906:
  ketchup_sauce (0.92) [ID:1] (907, 238, 936, 285)
  wrapper (0.94) [ID:76] (720, 302, 895, 470)
  yellow_mustard_sauce (0.90) [ID:147] (875, 214, 903, 303)
  hand (0.89) [ID:170] (788, 385, 854, 453)
  hand (0.88) [ID:176] (741, 398, 790, 487)
Frame 907:
  ketchup_sauce (0.92) [ID:1] (907, 238, 936, 285)
  wrapper (0.89) [ID:76] (721, 303, 895, 468)
  yellow_mustard_sauce (0.90) [ID:147] (875, 214, 903, 303)
  hand (0.88) [ID:170] (789, 379, 854, 459)
  hand (0.87) [ID:176] (742, 398, 797, 486)
Frame 908:
  ketchup_sauce (0.92) [ID:1] (907, 238, 936, 285)
  wrapper (0.81) [ID:76] (721, 303, 894, 463)
  yellow_mustard_sauce (0.90) [ID:147] (875, 214, 903, 303)
  hand (0.89) [ID:170] (795, 378, 858, 466)
  hand (0.88) [ID:176] (743, 397, 805, 482)
Frame 909:
  ketchup_sauce (0.92) [ID:1] (907, 238, 936, 285)
  wrapper (0.94) [ID:76] (721, 303, 894, 463)
  yellow_mustard_sauce (0.90) [ID:147] (875, 214, 903, 303)
  hand (0.89) [ID:170] (799, 383, 863, 472)
  hand (0.89) [ID:176] (744, 397, 808, 479)
Frame 910:
  ketchup_sauce (0.92) [ID:1] (907, 238, 936, 285)
  wrapper (0.94) [ID:76] (721, 303, 894, 465)
  yellow_mustard_sauce (0.90) [ID:147] (875, 214, 903, 303)
  hand (0.89) [ID:170] (806, 389, 869, 477)
  hand (0.89) [ID:176] (745, 395, 810, 478)
Frame 911:
  ketchup_sauce (0.92) [ID:1] (907, 238, 936, 285)
  wrapper (0.90) [ID:76] (721, 303, 894, 468)
  yellow_mustard_sauce (0.90) [ID:147] (875, 214, 903, 303)
  hand (0.86) [ID:170] (821, 407, 877, 482)
  hand (0.88) [ID:176] (745, 395, 810, 477)
Frame 912:
  ketchup_sauce (0.92) [ID:1] (907, 238, 936, 285)
  wrapper (0.93) [ID:76] (721, 303, 894, 472)
  yellow_mustard_sauce (0.90) [ID:147] (875, 214, 903, 303)
  hand (0.87) [ID:170] (840, 414, 881, 485)
  hand (0.89) [ID:176] (744, 396, 809, 476)
Frame 913:
  ketchup_sauce (0.92) [ID:1] (907, 238, 936, 285)
  wrapper (0.96) [ID:76] (721, 303, 894, 474)
  yellow_mustard_sauce (0.90) [ID:147] (875, 214, 903, 303)
  hand (0.86) [ID:170] (848, 419, 892, 485)
  hand (0.89) [ID:176] (744, 396, 806, 475)
Frame 914:
  ketchup_sauce (0.92) [ID:1] (907, 238, 936, 285)
  wrapper (0.96) [ID:76] (721, 303, 894, 475)
  yellow_mustard_sauce (0.90) [ID:147] (875, 214, 903, 303)
  hand (0.87) [ID:170] (857, 408, 901, 486)
  hand (0.89) [ID:176] (743, 397, 802, 476)
Frame 915:
  ketchup_sauce (0.92) [ID:1] (907, 238, 936, 285)
  wrapper (0.95) [ID:76] (721, 303, 894, 476)
  yellow_mustard_sauce (0.90) [ID:147] (875, 214, 903, 303)
  hand (0.88) [ID:170] (863, 409, 907, 484)
  hand (0.89) [ID:176] (743, 397, 802, 476)
Frame 916:
  ketchup_sauce (0.92) [ID:1] (907, 238, 936, 285)
  wrapper (0.96) [ID:76] (721, 303, 894, 476)
  yellow_mustard_sauce (0.90) [ID:147] (875, 214, 903, 303)
  hand (0.89) [ID:170] (865, 404, 909, 483)
  hand (0.89) [ID:176] (743, 397, 803, 475)
Frame 917:
  ketchup_sauce (0.92) [ID:1] (907, 238, 936, 285)
  wrapper (0.96) [ID:76] (721, 303, 894, 476)
  yellow_mustard_sauce (0.90) [ID:147] (875, 214, 903, 303)
  hand (0.89) [ID:170] (864, 403, 906, 481)
  hand (0.89) [ID:176] (743, 398, 803, 473)
Frame 918:
  ketchup_sauce (0.92) [ID:1] (907, 238, 936, 284)
  wrapper (0.94) [ID:76] (720, 303, 895, 473)
  yellow_mustard_sauce (0.90) [ID:147] (875, 214, 903, 303)
  hand (0.89) [ID:170] (859, 402, 901, 479)
  hand (0.89) [ID:176] (743, 399, 803, 472)
Frame 919:
  ketchup_sauce (0.92) [ID:1] (907, 238, 936, 284)
  wrapper (0.94) [ID:76] (720, 303, 894, 473)
  yellow_mustard_sauce (0.90) [ID:147] (875, 214, 903, 303)
  hand (0.88) [ID:170] (851, 406, 894, 476)
  hand (0.89) [ID:176] (744, 399, 803, 471)
Frame 920:
  ketchup_sauce (0.92) [ID:1] (907, 238, 936, 285)
  wrapper (0.94) [ID:76] (720, 303, 894, 469)
  yellow_mustard_sauce (0.90) [ID:147] (875, 214, 903, 303)
  hand (0.83) [ID:170] (836, 392, 881, 465)
  hand (0.89) [ID:176] (744, 400, 803, 470)
Frame 921:
  ketchup_sauce (0.92) [ID:1] (907, 238, 936, 285)
  wrapper (0.94) [ID:76] (720, 303, 894, 462)
  yellow_mustard_sauce (0.90) [ID:147] (875, 214, 903, 303)
  hand (0.84) [ID:170] (823, 389, 877, 464)
  hand (0.89) [ID:176] (744, 400, 806, 470)
Frame 922:
  ketchup_sauce (0.92) [ID:1] (907, 238, 936, 285)
  wrapper (0.95) [ID:76] (720, 303, 894, 462)
  yellow_mustard_sauce (0.90) [ID:147] (875, 214, 903, 303)
  hand (0.88) [ID:170] (812, 393, 876, 465)
  hand (0.89) [ID:176] (745, 401, 805, 469)
Frame 923:
  ketchup_sauce (0.92) [ID:1] (907, 238, 936, 285)
  wrapper (0.95) [ID:76] (720, 303, 894, 462)
  yellow_mustard_sauce (0.90) [ID:147] (875, 214, 903, 303)
  hand (0.89) [ID:170] (811, 395, 875, 464)
  hand (0.88) [ID:176] (744, 402, 802, 469)
Frame 924:
  ketchup_sauce (0.92) [ID:1] (907, 238, 936, 285)
  wrapper (0.95) [ID:76] (720, 303, 894, 461)
  yellow_mustard_sauce (0.90) [ID:147] (875, 214, 903, 303)
  hand (0.87) [ID:170] (809, 397, 874, 462)
  hand (0.88) [ID:176] (743, 402, 800, 468)
Frame 925:
  ketchup_sauce (0.92) [ID:1] (907, 238, 936, 285)
  wrapper (0.94) [ID:76] (720, 303, 894, 457)
  yellow_mustard_sauce (0.90) [ID:147] (875, 214, 903, 303)
  hand (0.87) [ID:170] (812, 398, 874, 457)
  hand (0.87) [ID:176] (742, 402, 799, 466)
Frame 926:
  ketchup_sauce (0.92) [ID:1] (907, 238, 936, 285)
  wrapper (0.93) [ID:76] (720, 303, 895, 453)
  yellow_mustard_sauce (0.90) [ID:147] (875, 214, 903, 303)
  hand (0.87) [ID:170] (816, 396, 874, 451)
  hand (0.88) [ID:176] (742, 399, 797, 464)
Frame 927:
  ketchup_sauce (0.92) [ID:1] (907, 238, 936, 285)
  wrapper (0.92) [ID:76] (720, 303, 895, 451)
  yellow_mustard_sauce (0.90) [ID:147] (875, 214, 903, 303)
  hand (0.87) [ID:170] (818, 390, 875, 444)
  hand (0.89) [ID:176] (742, 394, 797, 458)
Frame 928:
  ketchup_sauce (0.92) [ID:1] (906, 238, 936, 285)
  wrapper (0.93) [ID:76] (721, 303, 894, 475)
  yellow_mustard_sauce (0.90) [ID:147] (875, 214, 903, 303)
  hand (0.87) [ID:170] (819, 385, 871, 435)
  hand (0.89) [ID:176] (741, 388, 795, 451)
Frame 929:
  ketchup_sauce (0.92) [ID:1] (906, 238, 936, 286)
  wrapper (0.96) [ID:76] (722, 303, 894, 474)
  yellow_mustard_sauce (0.90) [ID:147] (875, 214, 903, 303)
  hand (0.85) [ID:170] (817, 371, 872, 427)
  hand (0.88) [ID:176] (742, 380, 794, 444)
Frame 930:
  ketchup_sauce (0.92) [ID:1] (906, 238, 936, 285)
  wrapper (0.96) [ID:76] (724, 304, 893, 474)
  yellow_mustard_sauce (0.90) [ID:147] (875, 214, 903, 303)
  hand (0.87) [ID:170] (818, 355, 873, 419)
  hand (0.88) [ID:176] (742, 372, 788, 436)
Frame 931:
  ketchup_sauce (0.92) [ID:1] (906, 238, 936, 285)
  wrapper (0.96) [ID:76] (725, 304, 893, 474)
  yellow_mustard_sauce (0.90) [ID:147] (875, 214, 903, 303)
  hand (0.87) [ID:170] (818, 349, 877, 416)
  hand (0.89) [ID:176] (744, 360, 790, 429)
Frame 932:
  ketchup_sauce (0.92) [ID:1] (906, 238, 936, 285)
  wrapper (0.96) [ID:76] (725, 304, 893, 474)
  yellow_mustard_sauce (0.90) [ID:147] (875, 214, 903, 303)
  hand (0.88) [ID:170] (818, 348, 879, 416)
  hand (0.90) [ID:176] (743, 356, 788, 422)
Frame 933:
  ketchup_sauce (0.92) [ID:1] (906, 238, 936, 285)
  wrapper (0.96) [ID:76] (726, 304, 893, 473)
  yellow_mustard_sauce (0.90) [ID:147] (875, 214, 903, 303)
  hand (0.88) [ID:170] (821, 352, 880, 416)
  hand (0.89) [ID:176] (744, 352, 787, 420)
Frame 934:
  ketchup_sauce (0.92) [ID:1] (906, 238, 936, 285)
  wrapper (0.96) [ID:76] (726, 304, 893, 473)
  yellow_mustard_sauce (0.90) [ID:147] (875, 214, 903, 303)
  hand (0.87) [ID:170] (817, 358, 879, 416)
  hand (0.88) [ID:176] (743, 348, 787, 417)
Frame 935:
  ketchup_sauce (0.92) [ID:1] (906, 238, 936, 285)
  wrapper (0.96) [ID:76] (726, 303, 894, 473)
  yellow_mustard_sauce (0.90) [ID:147] (875, 214, 903, 303)
  hand (0.88) [ID:170] (814, 361, 878, 422)
  hand (0.87) [ID:176] (742, 347, 785, 414)
Frame 936:
  ketchup_sauce (0.92) [ID:1] (906, 238, 936, 285)
  wrapper (0.96) [ID:76] (726, 303, 894, 473)
  yellow_mustard_sauce (0.90) [ID:147] (875, 214, 903, 303)
  hand (0.89) [ID:170] (811, 365, 882, 424)
  hand (0.89) [ID:176] (741, 344, 782, 413)
Frame 937:
  ketchup_sauce (0.92) [ID:1] (906, 238, 936, 285)
  wrapper (0.96) [ID:76] (725, 303, 894, 473)
  yellow_mustard_sauce (0.90) [ID:147] (875, 214, 903, 303)
  hand (0.89) [ID:170] (810, 364, 882, 424)
  hand (0.88) [ID:176] (740, 343, 779, 412)
Frame 938:
  ketchup_sauce (0.92) [ID:1] (906, 238, 936, 285)
  wrapper (0.96) [ID:76] (726, 303, 893, 473)
  yellow_mustard_sauce (0.90) [ID:147] (875, 214, 903, 303)
  hand (0.87) [ID:170] (811, 361, 881, 418)
  hand (0.87) [ID:176] (738, 342, 777, 413)
Frame 939:
  ketchup_sauce (0.92) [ID:1] (906, 238, 936, 285)
  wrapper (0.96) [ID:76] (726, 304, 894, 473)
  yellow_mustard_sauce (0.90) [ID:147] (875, 214, 903, 303)
  hand (0.86) [ID:170] (819, 357, 879, 415)
  hand (0.87) [ID:176] (737, 341, 772, 414)
Frame 940:
  ketchup_sauce (0.92) [ID:1] (906, 238, 936, 285)
  wrapper (0.96) [ID:76] (727, 304, 894, 473)
  yellow_mustard_sauce (0.90) [ID:147] (875, 214, 903, 303)
  hand (0.86) [ID:170] (820, 351, 878, 412)
  hand (0.86) [ID:176] (736, 339, 767, 417)
Frame 941:
  ketchup_sauce (0.92) [ID:1] (906, 238, 936, 286)
  wrapper (0.95) [ID:76] (730, 304, 893, 474)
  yellow_mustard_sauce (0.90) [ID:147] (875, 214, 903, 303)
  hand (0.87) [ID:170] (815, 342, 875, 408)
  hand (0.89) [ID:176] (729, 344, 762, 423)
Frame 942:
  ketchup_sauce (0.92) [ID:1] (906, 238, 936, 286)
  wrapper (0.95) [ID:76] (729, 304, 894, 474)
  yellow_mustard_sauce (0.90) [ID:147] (875, 214, 903, 303)
  hand (0.88) [ID:170] (811, 340, 870, 404)
  hand (0.89) [ID:176] (724, 352, 761, 428)
Frame 943:
  ketchup_sauce (0.92) [ID:1] (906, 238, 936, 286)
  wrapper (0.95) [ID:76] (729, 304, 894, 474)
  yellow_mustard_sauce (0.90) [ID:147] (875, 214, 903, 303)
  hand (0.87) [ID:170] (809, 340, 866, 399)
  hand (0.89) [ID:176] (727, 359, 762, 434)
Frame 944:
  ketchup_sauce (0.92) [ID:1] (906, 238, 936, 286)
  wrapper (0.95) [ID:76] (726, 304, 894, 474)
  yellow_mustard_sauce (0.90) [ID:147] (875, 214, 903, 303)
  hand (0.86) [ID:170] (806, 342, 862, 398)
  hand (0.85) [ID:176] (734, 363, 765, 438)
Frame 945:
  ketchup_sauce (0.92) [ID:1] (906, 238, 936, 286)
  wrapper (0.93) [ID:76] (726, 303, 893, 475)
  yellow_mustard_sauce (0.90) [ID:147] (875, 214, 903, 303)
  hand (0.85) [ID:170] (807, 347, 859, 398)
  hand (0.87) [ID:176] (735, 365, 777, 436)
Frame 946:
  ketchup_sauce (0.92) [ID:1] (906, 238, 936, 285)
  wrapper (0.93) [ID:76] (727, 305, 894, 475)
  yellow_mustard_sauce (0.90) [ID:147] (875, 214, 903, 303)
  hand (0.87) [ID:170] (804, 349, 853, 398)
  hand (0.87) [ID:176] (735, 367, 786, 434)
  wrapped (0.56) [ID:181] (751, 340, 821, 400)
Frame 947:
  ketchup_sauce (0.92) [ID:1] (906, 238, 936, 286)
  wrapper (0.95) [ID:76] (726, 304, 893, 474)
  yellow_mustard_sauce (0.90) [ID:147] (875, 214, 903, 303)
  hand (0.87) [ID:170] (794, 344, 847, 402)
  hand (0.87) [ID:176] (735, 367, 785, 435)
Frame 948:
  ketchup_sauce (0.92) [ID:1] (906, 238, 936, 286)
  wrapper (0.95) [ID:76] (726, 303, 894, 475)
  yellow_mustard_sauce (0.90) [ID:147] (875, 214, 903, 303)
  hand (0.88) [ID:170] (790, 343, 840, 408)
  hand (0.87) [ID:176] (734, 366, 780, 435)
Frame 949:
  ketchup_sauce (0.92) [ID:1] (906, 238, 936, 286)
  wrapper (0.95) [ID:76] (726, 303, 894, 475)
  yellow_mustard_sauce (0.90) [ID:147] (875, 214, 903, 303)
  hand (0.86) [ID:170] (784, 349, 833, 408)
  hand (0.86) [ID:176] (733, 363, 774, 432)
Frame 950:
  ketchup_sauce (0.92) [ID:1] (906, 238, 936, 285)
  wrapper (0.94) [ID:76] (726, 303, 893, 475)
  yellow_mustard_sauce (0.90) [ID:147] (875, 214, 903, 303)
  hand (0.86) [ID:170] (778, 347, 831, 411)
  hand (0.87) [ID:176] (731, 361, 770, 429)
Frame 951:
  ketchup_sauce (0.92) [ID:1] (906, 238, 936, 286)
  wrapper (0.94) [ID:76] (726, 303, 894, 475)
  yellow_mustard_sauce (0.90) [ID:147] (875, 214, 903, 303)
  hand (0.88) [ID:170] (772, 343, 828, 419)
  hand (0.87) [ID:176] (729, 359, 767, 428)
Frame 952:
  ketchup_sauce (0.92) [ID:1] (906, 238, 936, 286)
  wrapper (0.95) [ID:76] (725, 302, 894, 474)
  yellow_mustard_sauce (0.90) [ID:147] (875, 214, 903, 303)
  hand (0.87) [ID:170] (763, 338, 827, 424)
  hand (0.85) [ID:176] (726, 357, 763, 426)
Frame 953:
  ketchup_sauce (0.92) [ID:1] (906, 238, 936, 286)
  wrapper (0.95) [ID:76] (721, 303, 894, 476)
  yellow_mustard_sauce (0.90) [ID:147] (875, 214, 903, 303)
  hand (0.88) [ID:170] (756, 331, 825, 424)
  hand (0.86) [ID:176] (718, 354, 760, 428)
Frame 954:
  ketchup_sauce (0.92) [ID:1] (906, 238, 936, 286)
  wrapper (0.94) [ID:76] (718, 304, 894, 475)
  yellow_mustard_sauce (0.91) [ID:147] (875, 214, 903, 303)
  hand (0.88) [ID:170] (750, 322, 818, 418)
  hand (0.86) [ID:176] (714, 352, 753, 425)
Frame 955:
  ketchup_sauce (0.92) [ID:1] (906, 238, 936, 286)
  wrapper (0.95) [ID:76] (714, 304, 894, 476)
  yellow_mustard_sauce (0.91) [ID:147] (875, 214, 903, 303)
  hand (0.87) [ID:170] (753, 321, 806, 404)
  hand (0.85) [ID:176] (710, 347, 751, 422)
Frame 956:
  ketchup_sauce (0.92) [ID:1] (906, 238, 936, 286)
  wrapper (0.94) [ID:76] (716, 304, 893, 476)
  yellow_mustard_sauce (0.91) [ID:147] (875, 214, 903, 303)
  hand (0.86) [ID:170] (748, 318, 802, 398)
  hand (0.86) [ID:176] (706, 342, 745, 417)
Frame 957:
  ketchup_sauce (0.92) [ID:1] (906, 239, 936, 286)
  wrapper (0.94) [ID:76] (722, 305, 894, 477)
  yellow_mustard_sauce (0.91) [ID:147] (875, 214, 903, 303)
  hand (0.87) [ID:170] (743, 308, 798, 392)
  hand (0.85) [ID:176] (702, 334, 733, 415)
Frame 958:
  ketchup_sauce (0.92) [ID:1] (906, 238, 936, 286)
  wrapper (0.94) [ID:76] (722, 305, 893, 476)
  yellow_mustard_sauce (0.91) [ID:147] (875, 214, 903, 303)
  hand (0.79) [ID:170] (736, 303, 797, 385)
  hand (0.84) [ID:176] (696, 327, 725, 410)
Frame 959:
  ketchup_sauce (0.92) [ID:1] (906, 238, 936, 286)
  wrapper (0.94) [ID:76] (722, 306, 893, 475)
  yellow_mustard_sauce (0.91) [ID:147] (875, 214, 903, 303)
  hand (0.81) [ID:170] (726, 279, 792, 373)
  hand (0.84) [ID:176] (686, 313, 714, 406)
Frame 960:
  ketchup_sauce (0.92) [ID:1] (907, 238, 936, 284)
  wrapper (0.92) [ID:76] (721, 311, 894, 473)
  yellow_mustard_sauce (0.91) [ID:147] (875, 214, 903, 303)
  hand (0.81) [ID:170] (727, 272, 785, 349)
  hand (0.83) [ID:176] (674, 314, 701, 407)
Frame 961:
  ketchup_sauce (0.92) [ID:1] (907, 238, 936, 284)
  wrapper (0.92) [ID:76] (722, 312, 894, 471)
  yellow_mustard_sauce (0.91) [ID:147] (875, 214, 903, 303)
  hand (0.78) [ID:170] (725, 264, 784, 330)
  hand (0.84) [ID:176] (663, 317, 687, 408)
Frame 962:
  ketchup_sauce (0.92) [ID:1] (907, 238, 936, 284)
  wrapper (0.95) [ID:76] (721, 306, 850, 465)
  yellow_mustard_sauce (0.90) [ID:147] (875, 214, 903, 303)
  hand (0.71) [ID:170] (712, 215, 779, 307)
  hand (0.86) [ID:176] (650, 320, 677, 409)
Frame 963:
  ketchup_sauce (0.92) [ID:1] (907, 238, 936, 284)
  wrapper (0.95) [ID:76] (722, 303, 842, 460)
  yellow_mustard_sauce (0.89) [ID:147] (875, 214, 903, 303)
  hand (0.83) [ID:170] (718, 192, 776, 294)
  hand (0.86) [ID:176] (636, 328, 665, 415)
Frame 964:
  ketchup_sauce (0.92) [ID:1] (907, 238, 936, 284)
  wrapper (0.94) [ID:76] (721, 304, 837, 456)
  yellow_mustard_sauce (0.88) [ID:147] (875, 214, 903, 303)
  hand (0.88) [ID:170] (714, 155, 778, 270)
  hand (0.85) [ID:176] (622, 338, 653, 427)
Frame 965:
  ketchup_sauce (0.92) [ID:1] (907, 238, 936, 284)
  wrapper (0.94) [ID:76] (721, 304, 827, 453)
  yellow_mustard_sauce (0.86) [ID:147] (875, 214, 903, 302)
  hand (0.89) [ID:170] (713, 131, 777, 246)
  hand (0.86) [ID:176] (606, 349, 641, 437)
Frame 966:
  ketchup_sauce (0.92) [ID:1] (907, 238, 936, 284)
  wrapper (0.94) [ID:76] (722, 304, 816, 447)
  yellow_mustard_sauce (0.89) [ID:147] (874, 214, 903, 302)
  hand (0.88) [ID:170] (715, 126, 772, 221)
  hand (0.74) [ID:176] (590, 362, 627, 456)
Frame 967:
  ketchup_sauce (0.92) [ID:1] (907, 238, 936, 284)
  wrapper (0.91) [ID:76] (722, 305, 803, 439)
  yellow_mustard_sauce (0.89) [ID:147] (874, 214, 903, 302)
  hand (0.88) [ID:170] (721, 126, 771, 198)
  hand (0.75) [ID:176] (576, 378, 618, 466)
  wrapper (0.81) [ID:183] (826, 315, 893, 473)
